n_shots,accuracy,run_num,nspw,f1
50,71.6,0,50,0.48439047963101267
5,48.8,0,5,0.3505833443186384
100,78.8,0,100,0.5259050912944282
64,74.8,0,64,0.5008998912964431
10,55.2,0,10,0.4183214016822573
1,29.2,0,1,0.21540025643431215
25,65.60000000000001,0,25,0.4827123807602338
32,64.4,0,32,0.4566368857059395
