n_shots,accuracy,run_num,nspw,f1
1,76.4,0,1,0.7054176343137378
32,92.80000000000001,0,32,0.885297963220041
100,91.2,0,100,0.8687295388594087
5,87.6,0,5,0.8368760388240903
50,92.0,0,50,0.8743057087212928
64,92.80000000000001,0,64,0.8794902067629338
25,93.60000000000001,0,25,0.8960569012517065
10,90.8,0,10,0.8762077028310791
