n_shots,accuracy,run_num,nspw,f1
838,49.2,9,838,0.4410764256492148
838,35.199999999999996,0,838,0.3154216867929626
838,33.2,7,838,0.2732698554127125
838,42.8,6,838,0.41497655478139606
838,50.4,1,838,0.4617417214819813
838,38.4,8,838,0.32127871056744045
838,46.0,2,838,0.3763384141535403
838,46.400000000000006,5,838,0.398883211370668
838,44.0,4,838,0.3911945053503496
838,42.8,3,838,0.3919213286930709
