n_shots,accuracy,run_num,nspw,f1
1169,84.39999999999999,0,1169,0.6028927658066733
1169,84.0,7,1169,0.6333082664208494
1169,81.2,9,1169,0.5891598208310324
1169,82.0,8,1169,0.5797420485182819
1169,84.8,6,1169,0.6101258564834724
1169,83.6,1,1169,0.5939469827666166
1169,85.2,2,1169,0.6224885244752797
1169,83.2,5,1169,0.6056232292551568
1169,86.0,4,1169,0.6150110375275939
1169,82.0,3,1169,0.5892332483790276
