n_shots,accuracy,run_num,nspw,f1
1129,32.0,7,1129,0.22690986726074444
1129,28.000000000000004,0,1129,0.17313242313242314
1129,34.8,9,1129,0.2491017576100273
1129,27.200000000000003,8,1129,0.15264601079639753
1129,29.599999999999998,1,1129,0.17238017238017236
1129,40.0,6,1129,0.2760733329084613
1129,32.4,5,1129,0.22855410101663667
1129,35.6,2,1129,0.25235329898743447
1129,38.800000000000004,3,1129,0.2979811028271942
1129,32.0,4,1129,0.22039451114922812
