n_shots,accuracy,run_num,nspw
1129,0.945054945054945,0,1129
1129,0.8681318681318682,1,1129
1129,0.9395604395604396,2,1129
1129,0.967032967032967,3,1129
1129,0.9230769230769231,4,1129
1129,0.967032967032967,5,1129
1129,0.9285714285714286,6,1129
1129,0.945054945054945,7,1129
1129,0.9230769230769231,8,1129
1129,0.967032967032967,9,1129
