n_shots,accuracy,run_num,nspw,f1
838,81.2,3,838,0.7580277947161059
838,82.8,4,838,0.7601717546522739
838,80.80000000000001,5,838,0.7713036602646989
838,81.6,2,838,0.7660547965742766
838,83.6,8,838,0.8076275513049261
838,80.80000000000001,1,838,0.7397344358383316
838,87.2,6,838,0.8086973632428174
838,81.2,7,838,0.7727032707552185
838,82.8,0,838,0.7763182704741142
838,83.2,9,838,0.7957825003279544
