n_shots,accuracy,run_num,nspw,f1
838,16.0,3,838,0.10390437450594277
838,10.4,4,838,0.07798462908570192
838,5.2,5,838,0.03037826700928305
838,14.399999999999999,2,838,0.10823346630555637
838,16.400000000000002,1,838,0.1208860595144141
838,16.0,6,838,0.12340728614169134
838,9.6,8,838,0.0670837459798499
838,8.0,9,838,0.06810685706789603
838,9.6,7,838,0.06855141648079048
838,13.200000000000001,0,838,0.07134493937238878
