n_shots,accuracy,run_num,nspw,f1
1500,62.0,4,1500,0.4830996450201748
1500,61.199999999999996,3,1500,0.4778723851571533
1500,61.199999999999996,2,1500,0.47812992746767585
1500,58.4,5,1500,0.44300841771189614
1500,60.8,6,1500,0.47718508379350977
1500,61.199999999999996,1,1500,0.48809523809523797
1500,62.4,8,1500,0.4883584406763214
1500,61.6,9,1500,0.4760643330179753
1500,60.8,0,1500,0.47745999401628525
1500,61.6,7,1500,0.4898139388205611
