n_shots,accuracy,run_num,nspw,f1
838,77.2,3,838,0.7209824086447459
838,76.4,4,838,0.6881038789747724
838,75.2,5,838,0.6797598674985992
838,77.60000000000001,2,838,0.698220754714261
838,78.0,1,838,0.7257158786379563
838,75.6,6,838,0.6935105678099523
838,74.4,8,838,0.6960850837474211
838,74.0,9,838,0.6983371530876654
838,74.4,7,838,0.6938004996446551
838,76.4,0,838,0.6832368929771526
