n_shots,accuracy,run_num,nspw,f1
1129,70.8,2,1129,0.6064718134764574
1129,83.2,5,1129,0.6940959009235118
1129,77.2,4,1129,0.611826769449393
1129,82.39999999999999,3,1129,0.7354189868718571
1129,86.4,0,1129,0.7745927126978914
1129,80.80000000000001,7,1129,0.6765068039479569
1129,68.4,9,1129,0.6308125953368338
1129,84.0,8,1129,0.7072987327439128
1129,78.0,6,1129,0.728826900137359
1129,85.2,1,1129,0.7091817907056753
