n_shots,accuracy,run_num,nspw,f1
1129,22.8,8,1129,0.06188925081433225
1129,22.8,1,1129,0.06188925081433225
1129,22.400000000000002,6,1129,0.061002178649237467
1129,22.400000000000002,7,1129,0.061002178649237467
1129,22.400000000000002,0,1129,0.061002178649237467
1129,22.8,9,1129,0.06188925081433225
1129,22.8,3,1129,0.06188925081433225
1129,22.0,4,1129,0.06010928961748634
1129,22.8,5,1129,0.06188925081433225
1129,23.200000000000003,2,1129,0.07915002026518442
