n_shots,accuracy,run_num,nspw,f1
838,78.4,7,838,0.7220544967298211
838,80.4,0,838,0.7415558467506517
838,76.8,9,838,0.6995306281020564
838,75.6,8,838,0.7293006416383038
838,76.8,1,838,0.7126953133446636
838,76.0,6,838,0.7173767790650903
838,79.60000000000001,5,838,0.7273096227259706
838,76.8,2,838,0.7215223088599708
838,74.8,3,838,0.714985591608968
838,80.4,4,838,0.7406493938961468
