n_shots,accuracy,run_num,nspw,f1
1056,62.8,9,1056,0.32791360708638395
1056,74.8,0,1056,0.3810823388279101
1056,71.2,7,1056,0.3391174130179743
1056,68.4,6,1056,0.2909564535081776
1056,68.8,1,1056,0.3070653866581709
1056,70.0,8,1056,0.29816862672036754
1056,62.0,2,1056,0.3139791720654214
1056,68.8,5,1056,0.3019883023155334
1056,76.4,4,1056,0.39649371891310664
1056,59.599999999999994,3,1056,0.2590902598976754
