n_shots,accuracy,run_num,nspw,f1
838,2.8000000000000003,7,838,0.0007102272727272727
838,2.8000000000000003,0,838,0.0007074637424831977
838,3.2,9,838,0.007226644323418517
838,2.8000000000000003,8,838,0.0007074637424831977
838,3.2,1,838,0.004434950365513827
838,1.6,6,838,0.0007503462823678389
838,2.8000000000000003,5,838,0.0007130124777183599
838,2.8000000000000003,2,838,0.0007074637424831977
838,1.2,3,838,0.000320666987333654
838,2.8000000000000003,4,838,0.0007102272727272727
