n_shots,accuracy,run_num,nspw,f1
200,78.0,0,200,0.5563678206325264
25,70.0,0,25,0.5157848625067631
1000,90.4,0,1000,0.7574206874120367
50,88.0,0,50,0.7409386509300003
750,88.0,0,750,0.7351541752296562
500,90.4,0,500,0.7512813032378248
75,89.60000000000001,0,75,0.7453794318145229
1,68.8,0,1,0.5786993307538291
250,89.60000000000001,0,250,0.744643256886899
20,85.6,0,20,0.7012661747134064
100,88.8,0,100,0.7461500571708183
