n_shots,accuracy,run_num,nspw,f1
1169,73.6,2,1169,0.5607288590732299
1169,72.39999999999999,5,1169,0.5211279302007777
1169,76.8,4,1169,0.5348182373414999
1169,76.0,3,1169,0.5438315988647114
1169,75.6,9,1169,0.5479996966645118
1169,73.6,0,1169,0.5421080073101422
1169,72.39999999999999,7,1169,0.5513578768545654
1169,76.8,6,1169,0.5525220012573399
1169,74.4,1,1169,0.5190269994905754
1169,72.39999999999999,8,1169,0.48955269255418793
