n_shots,accuracy,run_num,nspw,f1
838,82.39999999999999,4,838,0.757116044129031
838,81.2,3,838,0.7703021365359024
838,82.0,2,838,0.7609808661756712
838,83.2,5,838,0.7793340137495981
838,82.39999999999999,8,838,0.7867670986262918
838,84.0,6,838,0.7839299228909614
838,81.6,1,838,0.7561824899487234
838,83.2,0,838,0.773369775967178
838,80.80000000000001,7,838,0.762387215958644
838,83.2,9,838,0.7851466182352682
