n_shots,accuracy,run_num,nspw,f1
838,80.0,3,838,0.7282508256534227
838,79.60000000000001,4,838,0.756399084321162
838,79.2,5,838,0.7352692401393698
838,80.4,2,838,0.7535961152844267
838,81.6,1,838,0.7686632991827791
838,80.0,6,838,0.7209983378814544
838,80.0,8,838,0.7522045054512583
838,78.0,9,838,0.7318267590994862
838,76.8,7,838,0.7051537567771332
838,80.4,0,838,0.7693027030689363
