n_shots,accuracy,run_num,nspw
32,0.9615384615384616,0,32
32,0.8131868131868132,1,32
32,0.9285714285714286,2,32
32,0.8571428571428571,3,32
32,0.9615384615384616,4,32
32,0.9560439560439561,5,32
32,0.9120879120879121,6,32
32,0.8571428571428571,7,32
32,0.9505494505494505,8,32
32,0.9175824175824175,9,32
