n_shots,accuracy,run_num,nspw,f1
1500,28.4,3,1500,0.23865562874765583
1500,28.000000000000004,4,1500,0.22786344549126386
1500,22.8,5,1500,0.1976066972075919
1500,30.4,2,1500,0.24172457503972886
1500,31.2,1,1500,0.2578405229706584
1500,24.4,6,1500,0.21467293875051682
1500,32.0,8,1500,0.25087063898496453
1500,30.8,9,1500,0.24847734678860503
1500,24.0,7,1500,0.2008521672097831
1500,32.800000000000004,0,1500,0.25710049087532527
