n_shots,accuracy,run_num,nspw,f1
1500,56.8,6,1500,0.4403882725074777
1500,58.4,1,1500,0.4541993326761538
1500,58.8,8,1500,0.4422541402673852
1500,58.4,9,1500,0.445796661028449
1500,56.00000000000001,0,1500,0.43906597449643797
1500,58.4,7,1500,0.4365657521286659
1500,57.199999999999996,4,1500,0.43963523599285176
1500,57.99999999999999,3,1500,0.44206330828847384
1500,56.8,2,1500,0.44220580743759547
1500,56.00000000000001,5,1500,0.4323304730589498
