n_shots,accuracy,run_num,nspw,f1
1500,14.799999999999999,3,1500,0.07443696806143003
1500,9.2,4,1500,0.044142319935347694
1500,15.2,5,1500,0.09887715238379616
1500,14.799999999999999,2,1500,0.08272495863367117
1500,12.0,1,1500,0.04235938553261813
1500,14.799999999999999,6,1500,0.07768838442462732
1500,14.399999999999999,8,1500,0.06964324913786389
1500,17.599999999999998,9,1500,0.11639666175748647
1500,14.799999999999999,7,1500,0.08619696866600891
1500,15.6,0,1500,0.10595768610474493
