n_shots,accuracy,run_num,nspw,f1
50,90.0,0,50,0.9029594617329854
750,92.0,0,750,0.9090059461611185
1000,93.60000000000001,0,1000,0.9215073913267514
200,94.39999999999999,0,200,0.9509325808862609
10,75.2,0,10,0.7702449796103047
1,64.0,0,1,0.6646438687891577
20,86.4,0,20,0.8729839209279998
100,95.19999999999999,0,100,0.9438286624312032
250,92.80000000000001,0,250,0.9213679290769189
75,92.0,0,75,0.9197787929662499
5,65.2,0,5,0.65796752169139
500,93.60000000000001,0,500,0.927246741522743
