n_shots,accuracy,run_num,nspw,f1
50,92.0,0,50,0.8705071984292758
25,92.80000000000001,0,25,0.9002359833528663
10,90.8,0,10,0.8768871820819868
250,92.4,0,250,0.8734850286798336
20,37.2,0,20,0.31212889478741274
200,92.4,0,200,0.8740274155858566
75,94.0,0,75,0.900715734481968
750,84.8,0,750,0.7969508125352277
1500,93.2,0,1500,0.8760460318901874
