n_shots,accuracy,run_num,nspw,f1
100,87.6,0,100,0.7187379940321116
20,88.4,0,20,0.7116198572062711
250,88.8,0,250,0.7503929610374246
75,90.0,0,75,0.7497818889242757
500,89.60000000000001,0,500,0.7499404852707093
50,87.2,0,50,0.7363543914651738
750,90.4,0,750,0.7588278796367031
5,73.2,0,5,0.6237191460562904
2,71.6,0,2,0.5858824145128115
1,68.8,0,1,0.5786993307538291
200,88.8,0,200,0.7337512805540186
25,87.6,0,25,0.7364024985209805
10,80.80000000000001,0,10,0.6873407449104041
