n_shots,accuracy,run_num,nspw,f1
838,80.4,5,838,0.7362519875506887
838,82.8,2,838,0.7713889285317853
838,83.6,3,838,0.7600384464020826
838,81.6,4,838,0.7630493604519577
838,82.0,7,838,0.7718603906915592
838,80.0,0,838,0.7626168924870221
838,79.60000000000001,9,838,0.7623587811899496
838,82.39999999999999,8,838,0.7668228045615361
838,76.8,1,838,0.7309784731862651
838,85.2,6,838,0.7967504357114743
