n_shots,accuracy,run_num,nspw,f1
838,80.80000000000001,9,838,0.7713241304150391
838,81.2,0,838,0.7831968896903958
838,82.0,7,838,0.769443441042894
838,84.39999999999999,6,838,0.7907967213162015
838,76.8,1,838,0.7358256462152563
838,82.8,8,838,0.7737381114768429
838,82.39999999999999,2,838,0.7630694702123269
838,82.39999999999999,5,838,0.7609291862538614
838,82.8,4,838,0.779363133259237
838,84.39999999999999,3,838,0.7768503502269731
