n_shots,accuracy,run_num,nspw,f1
838,82.8,1,838,0.7779875247407712
838,84.8,6,838,0.7914308635087852
838,84.8,8,838,0.8329077297373704
838,80.0,9,838,0.7509236074171134
838,81.6,7,838,0.7644595664076181
838,84.39999999999999,0,838,0.7992744629108262
838,81.2,3,838,0.7568432289211507
838,80.4,4,838,0.753765858960664
838,83.2,5,838,0.7526752468310907
838,82.8,2,838,0.7703391846248986
