n_shots,accuracy,run_num,nspw,f1
5,76.0,0,5,0.6025436732682544
50,86.0,0,50,0.6326358357912703
25,82.0,0,25,0.6311979614103388
10,79.2,0,10,0.6026374820277537
64,87.2,0,64,0.6509061902906859
32,80.4,0,32,0.6125386066851566
100,85.2,0,100,0.6370273214644074
