n_shots,accuracy,run_num,nspw,f1
838,80.4,7,838,0.7502077705085222
838,76.4,0,838,0.7377978612508784
838,78.0,9,838,0.7466255605865991
838,79.60000000000001,8,838,0.7415052119597572
838,74.4,1,838,0.7015620022113526
838,84.0,6,838,0.7874177770281663
838,81.6,5,838,0.7524737167594309
838,81.6,2,838,0.7611868650829687
838,84.0,3,838,0.7623934507051389
838,80.4,4,838,0.7554453398227269
