n_shots,accuracy,run_num,nspw,f1
1000,80.0,5,1000,0.026490066225165563
1000,60.0,2,1000,0.019867549668874173
1000,40.0,3,1000,0.013245033112582781
1000,60.0,4,1000,0.019867549668874173
1000,80.0,9,1000,0.026490066225165563
1000,100.0,7,1000,0.033112582781456956
1000,100.0,0,1000,0.033112582781456956
1000,100.0,1,1000,0.033112582781456956
1000,60.0,6,1000,0.013245033112582781
1000,40.0,8,1000,0.013245033112582781
