n_shots,accuracy,run_num,nspw,f1
1129,16.0,5,1129,0.057684761281883594
1129,13.600000000000001,2,1129,0.03990610328638498
1129,13.600000000000001,3,1129,0.03990610328638498
1129,14.399999999999999,4,1129,0.06524020522388059
1129,14.799999999999999,7,1129,0.06344140493076662
1129,15.6,0,1129,0.045138888888888895
1129,18.8,9,1129,0.08017497034400949
1129,19.6,8,1129,0.10117935947983676
1129,16.400000000000002,1,1129,0.08782487353915926
1129,17.599999999999998,6,1129,0.08795517687560771
