n_shots,accuracy,run_num,nspw,f1
1056,26.400000000000002,8,1056,0.11298350526876011
1056,25.6,6,1056,0.10729336009561292
1056,31.2,1,1056,0.139350988074587
1056,24.0,0,1056,0.09015805372747869
1056,31.6,7,1056,0.1105936063936064
1056,24.8,9,1056,0.1057224076631156
1056,36.0,4,1056,0.12944774391921263
1056,32.4,3,1056,0.17106020403121286
1056,32.4,2,1056,0.12736055748431985
1056,35.6,5,1056,0.14902406903641052
