n_shots,accuracy,run_num,nspw,f1
100,77.60000000000001,0,100,0.5212334876344777
32,65.2,0,32,0.4899892851829023
5,48.4,0,5,0.34893864363752514
50,70.8,0,50,0.4868994344192778
64,72.0,0,64,0.5141204865797764
10,53.2,0,10,0.3957521365199384
