n_shots,accuracy,run_num,nspw,f1
1169,80.80000000000001,8,1169,0.5810409678621598
1169,86.4,1,1169,0.6192263218753284
1169,85.2,6,1169,0.6025468146853007
1169,86.4,7,1169,0.6521917376222013
1169,85.2,0,1169,0.6035895855432281
1169,83.6,9,1169,0.6033065063093187
1169,82.39999999999999,3,1169,0.5874772236453852
1169,84.8,4,1169,0.6045110851979789
1169,83.6,5,1169,0.5987039659979555
1169,84.8,2,1169,0.6174112617821229
