n_shots,accuracy,run_num,nspw,f1
1500,18.4,2,1500,0.1231320558526441
1500,22.0,5,1500,0.17530817236605561
1500,10.4,4,1500,0.06562184434902489
1500,17.2,3,1500,0.12033803493471522
1500,22.8,9,1500,0.1894767874303079
1500,20.8,0,1500,0.1676288007890839
1500,20.0,7,1500,0.1725718591091544
1500,18.8,6,1500,0.12726174791392184
1500,14.799999999999999,1,1500,0.09710825506673258
1500,19.2,8,1500,0.12493184439551222
