n_shots,accuracy,run_num,nspw,f1
1000,65.0,8,1000,0.08278145695364239
1000,85.0,1,1000,0.11037527593818983
1000,85.0,6,1000,0.09933774834437085
1000,90.0,7,1000,0.11699779249448122
1000,90.0,0,1000,0.10596026490066225
1000,90.0,9,1000,0.10596026490066225
1000,90.0,3,1000,0.11920529801324503
1000,85.0,4,1000,0.11037527593818985
1000,85.0,5,1000,0.10596026490066225
1000,95.0,2,1000,0.12582781456953643
