n_shots,accuracy,run_num,nspw,f1
1,76.4,0,1,0.7054176343137378
64,92.4,0,64,0.8693517161049625
10,91.2,0,10,0.8761405261405257
25,92.0,0,25,0.8848174192330034
5,87.2,0,5,0.8215902423694625
50,92.0,0,50,0.8456549222782985
32,93.2,0,32,0.8955432734653512
100,91.2,0,100,0.8680080381379077
