n_shots,accuracy,run_num,nspw,f1
1169,1.6,7,1169,0.00608347451101186
1169,4.0,0,1169,0.020982684410578052
1169,1.6,9,1169,0.007170403468177345
1169,2.0,8,1169,0.010016420361247946
1169,2.4,1,1169,0.012919716509817589
1169,3.2,6,1169,0.020704922753041023
1169,6.800000000000001,5,1169,0.04581974569993769
1169,5.2,2,1169,0.038935379501037544
1169,3.5999999999999996,3,1169,0.02629047682061545
1169,2.8000000000000003,4,1169,0.012913449296071373
