n_shots,accuracy,run_num,nspw,f1
1129,29.599999999999998,2,1129,0.18237759892689473
1129,28.4,5,1129,0.1562099693678641
1129,38.0,4,1129,0.2715845659708862
1129,35.199999999999996,3,1129,0.224961819789406
1129,30.8,0,1129,0.1986915541581332
1129,34.0,7,1129,0.23577688651218065
1129,33.2,9,1129,0.20172716671967048
1129,30.0,8,1129,0.16026159988985267
1129,34.4,6,1129,0.2054054987088667
1129,35.199999999999996,1,1129,0.20940894678252428
