n_shots,accuracy,run_num,nspw,f1
100,88.4,0,100,0.7415402580469527
32,86.8,0,32,0.7172125609051209
50,88.8,0,50,0.7426788755746366
5,80.80000000000001,0,5,0.682757833995234
64,90.0,0,64,0.7531943952616992
1,20.0,0,1,0.12819915650798006
10,85.6,0,10,0.6929833975049027
25,86.8,0,25,0.7212303095334418
