n_shots,accuracy,run_num,nspw,f1
838,72.8,1,838,0.6823855077101828
838,80.0,6,838,0.7407301212496016
838,77.2,8,838,0.7165306554916941
838,76.8,9,838,0.7377563655256548
838,80.4,7,838,0.7477174510405981
838,76.0,0,838,0.7445164503606059
838,80.80000000000001,3,838,0.7490711308893123
838,77.2,4,838,0.712522614470666
838,78.8,5,838,0.7245694421019093
838,77.60000000000001,2,838,0.6899709958151515
