n_shots,accuracy,run_num,nspw,f1
1129,92.4,7,1129,0.8805386122796593
1129,93.60000000000001,0,1129,0.8892388530961881
1129,91.60000000000001,9,1129,0.8977117153134807
1129,91.60000000000001,8,1129,0.9027474964719664
1129,89.60000000000001,1,1129,0.8813748534544427
1129,92.4,6,1129,0.9090505508525945
1129,93.2,5,1129,0.9147858857949281
1129,92.4,2,1129,0.7726054774109694
1129,91.2,3,1129,0.8992253640747184
1129,91.2,4,1129,0.8220199323814423
