n_shots,accuracy,run_num,nspw,f1
1169,81.2,0,1169,0.5735133740431754
1169,79.2,7,1169,0.6015505098286555
1169,79.2,9,1169,0.5860458158471403
1169,78.8,8,1169,0.563790889022677
1169,82.0,6,1169,0.5968983334546247
1169,82.8,1,1169,0.5858387749116224
1169,82.0,2,1169,0.5931164371561722
1169,80.4,5,1169,0.5849158567701613
1169,83.6,4,1169,0.5916103915875555
1169,79.60000000000001,3,1169,0.5776791511306507
