n_shots,accuracy,run_num,nspw,f1
1056,67.2,8,1056,0.24495398647073283
1056,66.4,6,1056,0.28795838603824087
1056,69.6,1,1056,0.3100524344329702
1056,74.4,0,1056,0.34473036631983994
1056,70.39999999999999,7,1056,0.33349291689455623
1056,54.400000000000006,9,1056,0.27246388359053725
1056,74.4,4,1056,0.36838258733340695
1056,59.599999999999994,3,1056,0.26295871210327637
1056,58.8,2,1056,0.3012391598213263
1056,63.6,5,1056,0.29118739984784126
