n_shots,accuracy,run_num,nspw
64,0.5811965811965812,0,64
64,0.5299145299145299,1,64
64,0.5470085470085471,2,64
64,0.5897435897435898,3,64
64,0.5299145299145299,4,64
64,0.48717948717948717,5,64
64,0.6752136752136753,6,64
64,0.6068376068376068,7,64
64,0.6666666666666666,8,64
64,0.4700854700854701,9,64
