n_shots,accuracy,run_num,nspw,f1
1500,61.6,9,1500,0.47869327140850304
1500,61.199999999999996,0,1500,0.4833549722552116
1500,63.6,7,1500,0.49553768527278463
1500,62.0,6,1500,0.48511247766214655
1500,60.0,1,1500,0.4739393770753334
1500,64.0,8,1500,0.5064126822404967
1500,60.8,2,1500,0.46946129445155543
1500,57.599999999999994,5,1500,0.43550289894809935
1500,61.6,4,1500,0.483488384316199
1500,62.4,3,1500,0.4931492532485908
