n_shots,accuracy,run_num,nspw,f1
1169,31.6,2,1169,0.2545579732996951
1169,41.6,5,1169,0.2733714956053835
1169,40.400000000000006,4,1169,0.24924018702338674
1169,39.6,3,1169,0.26121081444938654
1169,36.4,9,1169,0.2749401149051802
1169,38.4,0,1169,0.2788915927599215
1169,41.199999999999996,7,1169,0.3001661769856752
1169,38.4,6,1169,0.28205735402694493
1169,36.4,1,1169,0.26296971091673077
1169,37.2,8,1169,0.2484179561566872
