n_shots,accuracy,run_num,nspw,f1
1129,62.8,6,1129,0.4834755680119027
1129,67.2,1,1129,0.6151406706661257
1129,54.400000000000006,8,1129,0.410940170940171
1129,58.8,9,1129,0.4611279375273682
1129,55.2,0,1129,0.4339419272981722
1129,57.199999999999996,7,1129,0.4418095834694429
1129,57.99999999999999,4,1129,0.4362135642135643
1129,59.599999999999994,3,1129,0.44493854946225336
1129,58.4,2,1129,0.45159596460495455
1129,67.2,5,1129,0.5116939002663053
