n_shots,accuracy,run_num,nspw,f1
1129,85.2,3,1129,0.7123609975692702
1129,78.8,4,1129,0.6566179151361601
1129,88.0,5,1129,0.7338957110777821
1129,80.0,2,1129,0.6807705713862687
1129,82.0,8,1129,0.6861712027313898
1129,82.0,1,1129,0.6734549224872522
1129,89.60000000000001,6,1129,0.7516407879976095
1129,80.80000000000001,7,1129,0.6694686769848195
1129,82.39999999999999,0,1129,0.6868658131816027
1129,86.0,9,1129,0.7785353248057314
