n_shots,accuracy,run_num,nspw,f1
1056,24.0,5,1056,0.1279011012695223
1056,21.2,2,1056,0.08674189515692916
1056,33.2,3,1056,0.1591667181099698
1056,23.599999999999998,4,1056,0.10844314810655556
1056,31.6,9,1056,0.18309341979740756
1056,28.799999999999997,7,1056,0.1357252816875055
1056,19.2,0,1056,0.1389484979976783
1056,34.4,1,1056,0.16638120776667176
1056,23.200000000000003,6,1056,0.118908768997621
1056,31.6,8,1056,0.15330098659510427
