n_shots,accuracy,run_num,nspw,f1
1500,57.599999999999994,4,1500,0.4347059575465942
1500,59.199999999999996,3,1500,0.450790232578312
1500,57.99999999999999,2,1500,0.447398757539745
1500,56.39999999999999,5,1500,0.4392807548366234
1500,59.199999999999996,6,1500,0.45819243302687007
1500,58.4,1,1500,0.45172539013598606
1500,58.4,8,1500,0.43507974733140287
1500,58.4,9,1500,0.4445546359453643
1500,55.60000000000001,0,1500,0.4289850326274165
1500,59.199999999999996,7,1500,0.44473352254809195
