n_shots,accuracy,run_num,nspw,f1
838,83.6,3,838,0.760261455716001
838,80.4,4,838,0.7503353068288131
838,81.6,5,838,0.7440535654821367
838,82.0,2,838,0.7448892377463802
838,75.6,1,838,0.7204979724460241
838,84.8,6,838,0.792389572909053
838,81.6,8,838,0.7598963976351291
838,78.0,9,838,0.7507711624594738
838,81.2,7,838,0.7627458096699379
838,79.2,0,838,0.7657719985642059
