n_shots,accuracy,run_num,nspw,f1
1056,1.6,2,1056,0.0064
1056,6.4,5,1056,0.003575418994413408
1056,7.199999999999999,4,1056,0.0032727272727272726
1056,6.4,3,1056,0.0034972677595628415
1056,5.6000000000000005,9,1056,0.0034355828220858898
1056,7.6,0,1056,0.003052208835341365
1056,7.199999999999999,7,1056,0.0031168831168831164
1056,3.5999999999999996,6,1056,0.003495145631067961
1056,7.6,1,1056,0.0033928571428571423
1056,6.800000000000001,8,1056,0.0032227488151658767
