n_shots,accuracy,run_num,nspw,f1
838,80.4,2,838,0.7536384250669962
838,81.6,5,838,0.7627694816006503
838,80.0,4,838,0.7227108029056079
838,80.4,3,838,0.7583498031549976
838,81.2,0,838,0.7441880630192316
838,77.60000000000001,7,838,0.7367574705237039
838,82.0,9,838,0.7766561721107171
838,79.60000000000001,8,838,0.7544314631976966
838,80.4,6,838,0.7345235572508296
838,82.0,1,838,0.7676850566460953
