n_shots,accuracy,run_num,nspw,f1
1056,76.0,2,1056,0.38770107920881913
1056,74.8,5,1056,0.353680114346561
1056,78.0,4,1056,0.4084137344242606
1056,71.6,3,1056,0.3246426370736715
1056,76.4,0,1056,0.40247813690169937
1056,76.8,7,1056,0.4010992363492364
1056,77.2,9,1056,0.41331499744659234
1056,72.0,8,1056,0.33537751974192653
1056,73.6,6,1056,0.37756627245057023
1056,74.8,1,1056,0.4131365899915498
