n_shots,accuracy,run_num,nspw,f1
1056,16.8,9,1056,0.08306140350877193
1056,15.6,0,1056,0.09539473684210525
1056,18.4,7,1056,0.08692950311623364
1056,8.4,6,1056,0.050995670995671
1056,19.6,1,1056,0.11268661382892883
1056,16.0,8,1056,0.09596950846787243
1056,11.600000000000001,2,1056,0.07780511258185384
1056,16.0,5,1056,0.09053805704099822
1056,15.6,4,1056,0.09627560163850486
1056,15.2,3,1056,0.06256259735671502
