n_shots,accuracy,run_num,nspw,f1
1500,17.2,7,1500,0.14023344210163544
1500,28.799999999999997,0,1500,0.22835938575932818
1500,22.400000000000002,9,1500,0.19149477653398658
1500,25.6,8,1500,0.21535076402626074
1500,26.400000000000002,1,1500,0.22657291091923681
1500,19.2,6,1500,0.16621140864446365
1500,17.2,5,1500,0.16532119812093812
1500,24.0,2,1500,0.20181617094412815
1500,22.0,3,1500,0.19418008484275928
1500,23.200000000000003,4,1500,0.19325199781041857
