n_shots,accuracy,run_num,nspw
1091,0.7606837606837606,0,1091
1091,0.7777777777777778,1,1091
1091,0.7094017094017094,2,1091
1091,0.7350427350427351,3,1091
1091,0.7094017094017094,4,1091
1091,0.6752136752136753,5,1091
1091,0.7435897435897436,6,1091
1091,0.7692307692307693,7,1091
1091,0.7435897435897436,8,1091
1091,0.7350427350427351,9,1091
