n_shots,accuracy,run_num,nspw,f1
198,58.8,9,198,0.05749147552121998
198,66.4,7,198,0.036478728547256464
198,68.4,0,198,0.02179399337672719
198,47.599999999999994,1,198,0.032919402578845305
198,56.8,6,198,0.052761154689911244
198,39.2,8,198,0.0783781332168429
198,64.8,5,198,0.03200280112044818
198,50.8,2,198,0.06083214797290891
198,59.199999999999996,3,198,0.08159901387455568
198,61.199999999999996,4,198,0.03656626189349735
