n_shots,accuracy,run_num,nspw,f1
1500,36.8,0,1500,0.333081143248663
1500,46.0,7,1500,0.3854846793769577
1500,31.6,9,1500,0.265358715527173
1500,32.0,8,1500,0.26962463468359477
1500,38.0,6,1500,0.3200787903535817
1500,34.8,1,1500,0.3104491756649834
1500,30.8,2,1500,0.25624901400921096
1500,34.4,5,1500,0.2935264706348615
1500,12.0,4,1500,0.08401023271110318
1500,35.199999999999996,3,1500,0.3139764488879792
