n_shots,accuracy,run_num,nspw
75,0.9866666666666667,0,75
75,0.9733333333333334,1,75
75,0.9733333333333334,2,75
75,0.9733333333333334,3,75
75,0.9866666666666667,4,75
75,1.0,5,75
75,0.9733333333333334,6,75
75,1.0,7,75
75,1.0,8,75
75,0.9733333333333334,9,75
