n_shots,accuracy,run_num,nspw,f1
1129,53.6,5,1129,0.45751636924379885
1129,57.99999999999999,2,1129,0.49112650723761836
1129,76.4,3,1129,0.6091172686333978
1129,68.4,4,1129,0.5168436596650546
1129,29.599999999999998,9,1129,0.23778909187714214
1129,84.39999999999999,7,1129,0.8235213310947523
1129,86.4,0,1129,0.8243181352030543
1129,84.0,1,1129,0.6965249772316241
1129,37.6,6,1129,0.32665839129253765
1129,89.60000000000001,8,1129,0.8619517188133434
