n_shots,accuracy,run_num,nspw,f1
1169,55.2,1,1169,0.41938400084095423
1169,52.800000000000004,6,1169,0.4029906443813726
1169,55.60000000000001,8,1169,0.41901891338977404
1169,54.400000000000006,9,1169,0.41700304846000186
1169,55.2,7,1169,0.41692420897718885
1169,55.60000000000001,0,1169,0.4219130758865856
1169,56.8,3,1169,0.4404315147692628
1169,54.800000000000004,4,1169,0.41551505695806823
1169,56.39999999999999,5,1169,0.431646168401135
1169,56.39999999999999,2,1169,0.4302580402440979
