n_shots,accuracy,run_num,nspw,f1
838,38.800000000000004,9,838,0.3518963284000877
838,36.8,7,838,0.33933071257746583
838,18.8,0,838,0.1708704411711931
838,26.8,1,838,0.24196070099009273
838,40.400000000000006,6,838,0.3623385993515863
838,30.4,8,838,0.2712798923379421
838,38.0,5,838,0.3545013162579806
838,36.8,2,838,0.31952210226952715
838,38.0,3,838,0.33825767154543634
838,34.4,4,838,0.3046426093589457
