n_shots,accuracy,run_num,nspw,f1
838,82.0,6,838,0.7524309745088963
838,82.39999999999999,1,838,0.7833561460184834
838,83.2,8,838,0.7780300147183259
838,80.80000000000001,9,838,0.7595808232171865
838,79.60000000000001,0,838,0.7599186527757951
838,80.4,7,838,0.760678011403756
838,80.80000000000001,4,838,0.7653483050350887
838,81.2,3,838,0.7226574291509354
838,81.6,2,838,0.7534637080091623
838,81.2,5,838,0.7496071216568108
