n_shots,accuracy,run_num,nspw,f1
198,67.2,5,198,0.02615528970208773
198,49.2,2,198,0.03513715572415782
198,46.800000000000004,3,198,0.057367646037596774
198,66.0,4,198,0.04227380519637881
198,50.0,9,198,0.06817627214097084
198,69.19999999999999,7,198,0.038578147308306034
198,68.8,0,198,0.02612184563404076
198,56.39999999999999,1,198,0.024435545621986295
198,56.00000000000001,6,198,0.056746636355574906
198,38.4,8,198,0.05736905873460495
