n_shots,accuracy,run_num,nspw,f1
838,38.4,8,838,0.3318766890009988
838,50.0,6,838,0.4557999347674068
838,28.799999999999997,1,838,0.26511367420458337
838,38.4,0,838,0.3393873802964713
838,27.6,7,838,0.24715573027261334
838,38.4,9,838,0.33952674004681493
838,49.2,4,838,0.43200421512109827
838,40.400000000000006,3,838,0.3339789719659849
838,51.6,2,838,0.44432639965791015
838,39.6,5,838,0.3276250084691643
