n_shots,accuracy,run_num,nspw
1000,0.9733333333333334,0,1000
1000,0.9466666666666667,1,1000
1000,0.9066666666666666,2,1000
1000,0.9866666666666667,3,1000
1000,0.9333333333333333,4,1000
1000,0.9866666666666667,5,1000
1000,0.9733333333333334,6,1000
1000,0.9733333333333334,7,1000
1000,0.9733333333333334,8,1000
1000,0.9466666666666667,9,1000
