n_shots,accuracy,run_num,nspw,f1
838,81.2,2,838,0.766770531056245
838,78.0,5,838,0.7052245734063916
838,77.2,4,838,0.736321542815049
838,79.60000000000001,3,838,0.7272327960639647
838,76.8,9,838,0.708706805460052
838,78.8,0,838,0.7493266473785949
838,78.8,7,838,0.7342430296975749
838,81.2,6,838,0.7413146737822058
838,80.80000000000001,1,838,0.7549633627555701
838,79.2,8,838,0.7499515593480449
