n_shots,accuracy,run_num,nspw,f1
1500,60.0,5,1500,0.4640944780017627
1500,61.199999999999996,2,1500,0.47140593034632766
1500,61.199999999999996,3,1500,0.4795732964607136
1500,60.8,4,1500,0.4627877641122673
1500,60.0,9,1500,0.46807096509083257
1500,61.6,7,1500,0.48650113467020356
1500,62.0,0,1500,0.4914461182673102
1500,60.4,1,1500,0.47628508356985166
1500,60.8,6,1500,0.4745166533246002
1500,63.2,8,1500,0.49619508526793277
