n_shots,accuracy,run_num,nspw,f1
1500,25.2,8,1500,0.19444488666498694
1500,29.599999999999998,6,1500,0.27725319330216697
1500,22.400000000000002,1,1500,0.20163136353720945
1500,27.200000000000003,0,1500,0.23082756385695288
1500,29.599999999999998,7,1500,0.25761983596735916
1500,25.2,9,1500,0.22451199233798036
1500,7.6,4,1500,0.036160857785737244
1500,26.8,3,1500,0.2201928241955437
1500,22.8,2,1500,0.18324855620406375
1500,29.2,5,1500,0.26180173584585353
