n_shots,accuracy,run_num,nspw,f1
1000,92.0,2,1000,0.1456953642384106
1000,88.0,5,1000,0.13245033112582782
1000,84.0,4,1000,0.1368653421633554
1000,92.0,3,1000,0.152317880794702
1000,88.0,9,1000,0.13245033112582782
1000,96.0,0,1000,0.13245033112582782
1000,88.0,7,1000,0.13907284768211922
1000,96.0,6,1000,0.1390728476821192
1000,88.0,1,1000,0.1368653421633554
1000,76.0,8,1000,0.12251655629139073
