n_shots,accuracy,run_num,nspw,f1
1500,77.60000000000001,2,1500,0.6054214462184099
1500,81.2,5,1500,0.6347757477856729
1500,76.8,4,1500,0.563073954272051
1500,78.8,3,1500,0.6160970977692578
1500,77.60000000000001,0,1500,0.6117098525778638
1500,80.0,7,1500,0.6442396852965429
1500,76.8,9,1500,0.5699637943755591
1500,76.4,8,1500,0.5945945991569737
1500,76.8,6,1500,0.599154048736139
1500,80.80000000000001,1,1500,0.6607020571270061
