n_shots,accuracy,run_num,nspw,f1
838,38.4,6,838,0.34178469385884475
838,25.6,1,838,0.23048621842196687
838,30.4,8,838,0.26506163753258766
838,40.8,9,838,0.36389321356853815
838,19.2,0,838,0.1755519106851985
838,36.8,7,838,0.3404007545326752
838,35.6,4,838,0.311868824811055
838,40.400000000000006,3,838,0.3665201859559227
838,39.6,2,838,0.35044940643976485
838,37.6,5,838,0.34415700309411856
