n_shots,accuracy,run_num,nspw,f1
1056,67.60000000000001,8,1056,0.28900899044121553
1056,68.8,6,1056,0.3017994794461974
1056,72.0,1,1056,0.3471901834705339
1056,75.2,0,1056,0.3802172111434407
1056,71.2,7,1056,0.3292854507501467
1056,67.2,9,1056,0.3678989332833727
1056,74.4,4,1056,0.38004524907670145
1056,66.0,3,1056,0.305643127005196
1056,69.19999999999999,2,1056,0.3362726252688658
1056,69.19999999999999,5,1056,0.3288037317343818
