n_shots,accuracy,run_num,nspw,f1
1129,61.6,9,1129,0.4864758116924122
1129,58.8,7,1129,0.45355931881654216
1129,52.800000000000004,0,1129,0.40971202401880874
1129,68.0,1,1129,0.6241811958631047
1129,64.0,6,1129,0.49167511038435835
1129,54.0,8,1129,0.3997398125976714
1129,69.19999999999999,5,1129,0.5208155498648457
1129,58.8,2,1129,0.4581987687047721
1129,59.599999999999994,3,1129,0.537174753410647
1129,54.0,4,1129,0.391190974212894
