n_shots,accuracy,run_num,nspw,f1
838,68.8,6,838,0.6500932986036114
838,66.8,1,838,0.6252243427568102
838,64.4,8,838,0.5872094374828482
838,69.19999999999999,9,838,0.6358639832283832
838,65.60000000000001,0,838,0.6331296621212585
838,64.0,7,838,0.5502666607959921
838,69.19999999999999,4,838,0.6631921999569057
838,66.0,3,838,0.5959133218873478
838,72.8,2,838,0.6352011643706788
838,70.39999999999999,5,838,0.627508892717368
