n_shots,accuracy,run_num,nspw
1000,0.967032967032967,0,1000
1000,0.9285714285714286,1,1000
1000,0.9175824175824175,2,1000
1000,0.9120879120879121,3,1000
1000,0.8956043956043956,4,1000
1000,0.9615384615384616,5,1000
1000,0.9395604395604396,6,1000
1000,0.9395604395604396,7,1000
1000,0.9560439560439561,8,1000
1000,0.9505494505494505,9,1000
