n_shots,accuracy,run_num,nspw,f1
32,84.0,0,32,0.6489202554884893
5,74.0,0,5,0.5902651432452756
100,85.6,0,100,0.6406681474778223
64,84.0,0,64,0.632886406716785
1,68.0,0,1,0.5202516105780058
25,83.2,0,25,0.642055029068162
10,78.8,0,10,0.6062167945474637
50,83.2,0,50,0.6296436455376855
