n_shots,accuracy,run_num,nspw,f1
1000,98.6,1,1000,0.9396712623825985
1000,97.6,6,1000,0.9481434636868996
1000,99.0,8,1000,0.9350524383636967
1000,98.2,9,1000,0.9319910038453085
1000,98.8,7,1000,0.9399720220912272
1000,99.6,0,1000,0.9624093345947651
1000,98.8,3,1000,0.9391411752338905
1000,99.2,4,1000,0.9638704930095657
1000,99.4,5,1000,0.9699645461234866
1000,98.6,2,1000,0.970621541813595
