n_shots,accuracy,run_num,nspw,f1
838,71.2,9,838,0.6638879158359675
838,73.6,7,838,0.6745123942663245
838,76.8,0,838,0.6905463223645038
838,74.8,1,838,0.6919660426153932
838,77.2,6,838,0.7116288473431327
838,74.0,8,838,0.7027721196552361
838,77.2,5,838,0.7081301094288104
838,76.4,2,838,0.719984416737663
838,79.2,3,838,0.7376609681804484
838,74.0,4,838,0.705318244450165
