n_shots,accuracy,run_num,nspw,f1
1309,54.0,6,1309,0.398111452328808
1309,50.4,1,1309,0.3710328289923642
1309,42.4,8,1309,0.31076620286326295
1309,52.800000000000004,9,1309,0.4103482360129602
1309,53.6,0,1309,0.41522285210054705
1309,57.599999999999994,7,1309,0.4364337740602777
1309,48.8,4,1309,0.38828850452560654
1309,54.400000000000006,3,1309,0.4263131784812717
1309,55.2,2,1309,0.41675410806033647
1309,52.0,5,1309,0.386243564471574
