n_shots,accuracy,run_num,nspw,f1
198,75.2,4,198,0.02439201980486384
198,54.400000000000006,3,198,0.018642334006215407
198,74.8,2,198,0.020377029530347607
198,74.8,5,198,0.020377029530347607
198,74.8,6,198,0.020377029530347607
198,74.8,1,198,0.020377029530347607
198,74.0,8,198,0.02029844195742813
198,74.8,9,198,0.020377029530347607
198,74.8,0,198,0.020377029530347607
198,74.8,7,198,0.020377029530347607
