n_shots,accuracy,run_num,nspw,f1
1500,7.6,0,1500,0.07618139833080856
1500,6.0,7,1500,0.038257121030230275
1500,6.4,9,1500,0.056886413265328464
1500,5.6000000000000005,8,1500,0.04369699755862266
1500,14.000000000000002,6,1500,0.13811671253973531
1500,8.0,1,1500,0.09106292293857621
1500,14.000000000000002,2,1500,0.14278204788408871
1500,14.000000000000002,5,1500,0.13516048843779935
1500,14.399999999999999,4,1500,0.1444131256007332
1500,8.0,3,1500,0.06970055479372249
