n_shots,accuracy,run_num,nspw,f1
198,40.8,3,198,0.026395677420633947
198,54.400000000000006,4,198,0.02937263794406651
198,62.4,5,198,0.02646866306660121
198,32.4,2,198,0.026298258138223132
198,50.8,1,198,0.02106765150243411
198,59.599999999999994,6,198,0.041345741345741344
198,29.2,8,198,0.03618111212096174
198,47.199999999999996,9,198,0.05787660976340221
198,70.8,7,198,0.019739043158246906
198,44.800000000000004,0,198,0.024691358024691357
