n_shots,accuracy,run_num,nspw,f1
1056,24.0,2,1056,0.09742505847423882
1056,26.400000000000002,5,1056,0.11704928618664176
1056,25.6,4,1056,0.12417341222538415
1056,29.2,3,1056,0.1605542087530862
1056,21.6,0,1056,0.07861196746618741
1056,33.2,7,1056,0.15090862255641282
1056,33.6,9,1056,0.1847658679503082
1056,34.8,8,1056,0.17399149916567946
1056,32.4,6,1056,0.15947150952029
1056,23.200000000000003,1,1056,0.13100772152196244
