n_shots,accuracy,run_num,nspw,f1
838,35.6,4,838,0.3027248110517782
838,40.400000000000006,3,838,0.36898936561274215
838,38.4,2,838,0.32868306296877714
838,40.400000000000006,5,838,0.37670536534172894
838,39.6,6,838,0.3604950372103364
838,27.6,1,838,0.24631193423800385
838,31.2,8,838,0.26575752977586437
838,40.8,9,838,0.3692262558763703
838,21.6,0,838,0.19977007119864265
838,36.8,7,838,0.3369554566831483
