n_shots,accuracy,run_num,nspw,f1
838,11.200000000000001,0,838,0.10953716561347274
838,31.2,7,838,0.2811651312289573
838,32.800000000000004,9,838,0.290584458429539
838,30.0,8,838,0.27490288393566703
838,36.0,6,838,0.3240589329024834
838,25.2,1,838,0.25032192434789835
838,31.6,2,838,0.26383919058866606
838,28.799999999999997,5,838,0.27503813985861353
838,27.200000000000003,4,838,0.26213738451259966
838,32.0,3,838,0.2923125370721187
