n_shots,accuracy,run_num,nspw,f1
1129,22.8,2,1129,0.06188925081433225
1129,22.8,5,1129,0.06188925081433225
1129,22.8,4,1129,0.06188925081433225
1129,22.8,3,1129,0.06188925081433225
1129,22.8,0,1129,0.06188925081433225
1129,22.8,7,1129,0.06188925081433225
1129,22.400000000000002,9,1129,0.06263982102908276
1129,22.8,8,1129,0.06188925081433225
1129,22.8,6,1129,0.06209150326797386
1129,22.8,1,1129,0.06188925081433225
