n_shots,accuracy,run_num,nspw,f1
838,20.8,2,838,0.2070774000273073
838,15.6,5,838,0.15331828941322898
838,8.4,4,838,0.08343634715415231
838,14.399999999999999,3,838,0.14670146968283615
838,12.8,9,838,0.13087243087243086
838,4.8,0,838,0.04269129139259009
838,14.399999999999999,7,838,0.14279520287044328
838,20.8,6,838,0.18244280344788533
838,9.2,1,838,0.09034060300832204
838,22.400000000000002,8,838,0.21426783894316362
