n_shots,accuracy,run_num,nspw,f1
1169,6.0,3,1169,0.05996670778295391
1169,6.4,4,1169,0.054891363929820004
1169,16.400000000000002,5,1169,0.14881134318220407
1169,8.799999999999999,2,1169,0.07477143749937001
1169,13.200000000000001,1,1169,0.11912323890757373
1169,4.3999999999999995,6,1169,0.03347478641369988
1169,18.8,8,1169,0.17486974160013993
1169,2.4,9,1169,0.017767727346147632
1169,8.4,7,1169,0.07653109129540761
1169,9.6,0,1169,0.08271790755234464
