n_shots,accuracy,run_num,nspw,f1
838,28.4,5,838,0.2670111274007378
838,32.4,2,838,0.27930529529410286
838,34.0,3,838,0.31083746321271943
838,30.0,4,838,0.2692858836032093
838,30.8,7,838,0.2852881415333669
838,12.4,0,838,0.11768878573389852
838,35.199999999999996,9,838,0.30796508918628734
838,30.4,8,838,0.2875094141510589
838,26.0,1,838,0.24302538985503078
838,35.6,6,838,0.336643223383902
