n_shots,accuracy,run_num,nspw,f1
1129,44.800000000000004,4,1129,0.28510964347063744
1129,56.00000000000001,3,1129,0.4044607584219961
1129,34.0,2,1129,0.2808082559667307
1129,59.199999999999996,5,1129,0.42541083168223937
1129,32.0,6,1129,0.2370921790276629
1129,41.6,1,1129,0.32228136496556176
1129,39.2,8,1129,0.2983127151558869
1129,48.8,9,1129,0.33968315587104403
1129,49.2,0,1129,0.31788673661555017
1129,36.0,7,1129,0.23530444478011836
