n_shots,accuracy,run_num,nspw,f1
1056,74.8,5,1056,0.37117094619883034
1056,75.6,2,1056,0.38023212601175854
1056,71.6,3,1056,0.3259792544792544
1056,78.0,4,1056,0.40709160402940303
1056,77.60000000000001,7,1056,0.413748742707086
1056,76.4,0,1056,0.4061750921715223
1056,77.2,9,1056,0.40533144334073123
1056,70.39999999999999,8,1056,0.3363228581731883
1056,76.0,1,1056,0.42602547888043873
1056,72.8,6,1056,0.3693931875934445
