n_shots,accuracy,run_num,nspw,f1
1500,48.0,3,1500,0.3646528810199575
1500,46.0,4,1500,0.3329515249808532
1500,44.4,5,1500,0.33698684771922005
1500,48.8,2,1500,0.3701198360138756
1500,51.6,8,1500,0.3951960475139281
1500,48.0,1,1500,0.36795022233956454
1500,47.199999999999996,6,1500,0.3660937664248921
1500,50.4,7,1500,0.3794515638886498
1500,47.599999999999994,0,1500,0.36303075144134733
1500,51.6,9,1500,0.4002137425978484
