n_shots,accuracy,run_num,nspw,f1
1169,54.400000000000006,0,1169,0.4301991606627365
1169,54.400000000000006,7,1169,0.3986747596541949
1169,53.6,9,1169,0.4215915063597181
1169,56.00000000000001,8,1169,0.4288417596887444
1169,52.0,6,1169,0.3991721854304634
1169,56.39999999999999,1,1169,0.43917271102701544
1169,55.2,2,1169,0.4136186090351303
1169,55.60000000000001,5,1169,0.4204351939451275
1169,54.0,4,1169,0.4078638800493103
1169,56.39999999999999,3,1169,0.4360107126566025
