n_shots,accuracy,run_num,nspw,f1
1500,86.4,5,1500,0.6816590150817722
1500,83.6,2,1500,0.6708067858067858
1500,82.0,3,1500,0.6755980205783475
1500,81.2,4,1500,0.620926212590299
1500,83.2,7,1500,0.6649926102679351
1500,80.80000000000001,0,1500,0.6407696268552668
1500,80.4,9,1500,0.6089086221352655
1500,79.60000000000001,8,1500,0.6195107060375223
1500,84.8,1,1500,0.7049708096507531
1500,81.2,6,1500,0.6254151833844738
