n_shots,accuracy,run_num,nspw,f1
838,82.0,5,838,0.7526536234328438
838,82.0,2,838,0.7393788030151663
838,82.39999999999999,3,838,0.7577891084384587
838,81.6,4,838,0.7607520906222203
838,77.2,9,838,0.7375941518798659
838,81.2,7,838,0.7633213524532728
838,78.4,0,838,0.754852795112535
838,74.8,1,838,0.7044030284290023
838,84.39999999999999,6,838,0.7909475084799756
838,80.80000000000001,8,838,0.7418523205001429
