n_shots,accuracy,run_num,nspw,f1
1056,26.8,1,1056,0.13863918858346103
1056,20.8,6,1056,0.08058984791242856
1056,19.6,8,1056,0.08625901102681288
1056,26.8,9,1056,0.14221464015581664
1056,22.8,7,1056,0.08249979019413183
1056,20.8,0,1056,0.10630554924672571
1056,17.599999999999998,3,1056,0.10172591314351452
1056,26.0,4,1056,0.11409756477899709
1056,21.2,5,1056,0.11729081242830355
1056,19.6,2,1056,0.06949020482509943
