n_shots,accuracy,run_num,nspw,f1
1056,30.4,6,1056,0.14790937787881211
1056,25.2,1,1056,0.1429851004851005
1056,23.599999999999998,8,1056,0.10377811865226311
1056,33.6,9,1056,0.15390267610292643
1056,22.8,0,1056,0.09277680614177594
1056,28.799999999999997,7,1056,0.13898222758960788
1056,24.0,4,1056,0.12177323461546181
1056,24.8,3,1056,0.13282223876341523
1056,14.799999999999999,2,1056,0.060493963594712714
1056,25.6,5,1056,0.12310618422415155
