n_shots,accuracy,run_num,nspw,f1
838,81.6,8,838,0.762788022604676
838,82.8,1,838,0.7825985702609075
838,80.80000000000001,6,838,0.7413982842554269
838,79.60000000000001,7,838,0.7504199624329492
838,79.2,0,838,0.7454881698388186
838,77.2,9,838,0.71615231810037
838,81.2,3,838,0.7354839965229574
838,81.6,4,838,0.7722842262567241
838,80.80000000000001,5,838,0.7556061903464498
838,81.6,2,838,0.7686461446201702
