n_shots,accuracy,run_num,nspw,f1
1500,59.199999999999996,9,1500,0.46077042898234943
1500,60.8,7,1500,0.4705307569545979
1500,58.4,0,1500,0.46318721749185315
1500,60.0,1,1500,0.46753147514736915
1500,59.199999999999996,6,1500,0.4555870913486807
1500,61.6,8,1500,0.4742514292183166
1500,56.8,5,1500,0.4315477385013808
1500,59.199999999999996,2,1500,0.4532075724128703
1500,60.8,3,1500,0.4643520203122851
1500,60.8,4,1500,0.4585698517817721
