n_shots,accuracy,run_num,nspw,f1
838,28.000000000000004,1,838,0.25771251742463197
838,42.4,6,838,0.3884555041424487
838,31.6,8,838,0.25760191683656425
838,42.4,9,838,0.3893255670369538
838,39.2,7,838,0.35267481692241726
838,25.2,0,838,0.22128541633088894
838,44.4,3,838,0.4045174738681231
838,36.8,4,838,0.33172812268958063
838,39.6,5,838,0.3690041788756373
838,39.6,2,838,0.3660465003774441
