n_shots,accuracy,run_num,nspw,f1
1169,54.0,4,1169,0.41163766329329227
1169,56.00000000000001,3,1169,0.4258498491942198
1169,55.2,2,1169,0.4133133606643538
1169,53.6,5,1169,0.400591141533876
1169,55.2,8,1169,0.4056419278796411
1169,51.2,6,1169,0.3964938904751914
1169,57.199999999999996,1,1169,0.4346352669102959
1169,56.00000000000001,0,1169,0.4265330695794269
1169,52.800000000000004,7,1169,0.3851337036767499
1169,51.6,9,1169,0.3957708678917133
