n_shots,accuracy,run_num,nspw,f1
1056,2.4,2,1056,0.014876932591218306
1056,4.3999999999999995,5,1056,0.053568868407578095
1056,4.0,4,1056,0.05739348370927319
1056,5.2,3,1056,0.04664603481624757
1056,7.199999999999999,0,1056,0.08162020202020201
1056,13.200000000000001,7,1056,0.09422288772656068
1056,7.6,9,1056,0.07179310344827586
1056,10.0,8,1056,0.09662587904360058
1056,3.5999999999999996,6,1056,0.04375
1056,7.6,1,1056,0.06835978835978836
