n_shots,accuracy,run_num,nspw,f1
1169,50.4,2,1169,0.3737015376088223
1169,48.4,5,1169,0.36954362047077255
1169,45.6,4,1169,0.3412160594140376
1169,50.8,3,1169,0.37877251326188216
1169,50.8,0,1169,0.3788155229707383
1169,47.199999999999996,7,1169,0.35025355706675276
1169,44.4,9,1169,0.3468047637270361
1169,50.4,8,1169,0.370650688531483
1169,43.6,6,1169,0.34370586886169263
1169,47.199999999999996,1,1169,0.362935811332465
