n_shots,accuracy,run_num,nspw,f1
1500,22.8,5,1500,0.1549991444332877
1500,31.6,2,1500,0.2385277418103861
1500,30.0,3,1500,0.22793723612590183
1500,6.4,4,1500,0.01458317187217443
1500,22.8,9,1500,0.16840943656437896
1500,27.6,7,1500,0.21421216167733195
1500,38.800000000000004,0,1500,0.29973464155990115
1500,24.8,1,1500,0.1874088239140142
1500,33.6,6,1500,0.24557655579714405
1500,26.8,8,1500,0.1807789948222148
