n_shots,accuracy,run_num,nspw,f1
838,74.0,8,838,0.7141429657150776
838,74.8,6,838,0.6973352044780613
838,78.4,1,838,0.7420510225705026
838,78.4,0,838,0.7319017922914023
838,77.2,7,838,0.7091489318762044
838,74.4,9,838,0.677390937079932
838,78.4,4,838,0.7326780002104675
838,75.2,3,838,0.7199187536849873
838,74.0,2,838,0.7027256293490056
838,78.8,5,838,0.706041280678408
