n_shots,accuracy,run_num,nspw,f1
1056,32.800000000000004,8,1056,0.17133277908249234
1056,30.4,6,1056,0.15933766557581425
1056,30.8,1,1056,0.14357585797062244
1056,24.8,0,1056,0.12073034087952118
1056,28.799999999999997,7,1056,0.13498111117147313
1056,27.200000000000003,9,1056,0.11726648841354725
1056,36.4,4,1056,0.1572658353849815
1056,31.6,3,1056,0.1564473003546442
1056,33.6,2,1056,0.11981229828083455
1056,36.0,5,1056,0.16191421333265538
