n_shots,accuracy,run_num,nspw,f1
1129,32.0,9,1129,0.22471916477657816
1129,23.599999999999998,0,1129,0.07855524456883912
1129,30.4,7,1129,0.20155092780163683
1129,32.0,6,1129,0.19954450565064374
1129,27.6,1,1129,0.1483265272192608
1129,26.0,8,1129,0.12292758885647648
1129,30.8,2,1129,0.20930286578613297
1129,29.2,5,1129,0.17186092920385862
1129,32.4,4,1129,0.2059503039124785
1129,35.199999999999996,3,1129,0.242871254321636
