n_shots,accuracy,run_num,nspw,f1
198,26.0,8,198,0.012806556957162067
198,74.4,6,198,0.020314547837483616
198,22.0,1,198,0.012506421611574038
198,70.0,0,198,0.019747235387045814
198,67.60000000000001,7,198,0.027306967984934087
198,50.8,9,198,0.01951727456176257
198,51.6,4,198,0.020711161556231976
198,18.8,3,198,0.011449069581609881
198,26.0,2,198,0.019752933057280885
198,66.8,5,198,0.022424765234236074
