n_shots,accuracy,run_num,nspw,f1
5,88.0,0,5,0.8374193627440375
32,92.80000000000001,0,32,0.8908049382075354
1,76.4,0,1,0.7054176343137378
50,91.2,0,50,0.863708369552525
25,92.0,0,25,0.8833396041188245
10,88.0,0,10,0.8404638651391896
100,91.60000000000001,0,100,0.863090733220603
64,93.2,0,64,0.8788305489604188
