n_shots,accuracy,run_num,nspw,f1
1056,8.799999999999999,5,1056,0.0032352941176470584
1056,8.799999999999999,2,1056,0.0032592592592592595
1056,9.6,3,1056,0.006034136546184739
1056,8.799999999999999,4,1056,0.0050182058920887115
1056,8.799999999999999,7,1056,0.003283582089552239
1056,9.2,0,1056,0.00510597609561753
1056,3.5999999999999996,9,1056,0.0014229249011857709
1056,4.0,8,1056,0.004479177273190103
1056,7.6,1,1056,0.006672300152104107
1056,8.0,6,1056,0.00858389113349012
