n_shots,accuracy,run_num,nspw,f1
838,81.2,4,838,0.7662731377781031
838,80.80000000000001,3,838,0.7323906252477678
838,82.0,2,838,0.7595869498466897
838,82.0,5,838,0.7731709848592961
838,80.80000000000001,6,838,0.741245334751828
838,83.6,1,838,0.7893844250987104
838,82.39999999999999,8,838,0.7691700795596896
838,80.4,9,838,0.7593742116469385
838,80.4,0,838,0.7586889301175013
838,80.80000000000001,7,838,0.7643215010098124
