n_shots,accuracy,run_num,nspw,f1
1169,20.0,4,1169,0.1524228971911091
1169,24.4,3,1169,0.15733061262862588
1169,16.400000000000002,2,1169,0.11635353241313506
1169,30.8,5,1169,0.18257703174921722
1169,26.400000000000002,8,1169,0.18405782274111068
1169,22.0,6,1169,0.17271155239353517
1169,23.200000000000003,1,1169,0.1891282374726084
1169,30.8,0,1169,0.22652095450200574
1169,27.6,7,1169,0.21115406668386805
1169,26.0,9,1169,0.19896763280869245
