n_shots,accuracy,run_num,nspw
1000,0.9191489361702128,0,1000
1000,0.9063829787234042,1,1000
1000,0.9148936170212766,2,1000
1000,0.9319148936170213,3,1000
1000,0.9319148936170213,4,1000
1000,0.8936170212765957,5,1000
1000,0.8978723404255319,6,1000
1000,0.9319148936170213,7,1000
1000,0.9319148936170213,8,1000
1000,0.9404255319148936,9,1000
