n_shots,accuracy,run_num,nspw
1056,0.9279661016949152,0,1056
1056,0.9194915254237288,1,1056
1056,0.9194915254237288,2,1056
1056,0.9322033898305084,3,1056
1056,0.9279661016949152,4,1056
1056,0.9322033898305084,5,1056
1056,0.9364406779661016,6,1056
1056,0.940677966101695,7,1056
1056,0.9449152542372882,8,1056
1056,0.9279661016949152,9,1056
