n_shots,accuracy,run_num,nspw,f1
1056,77.2,7,1056,0.4154446763423142
1056,75.6,0,1056,0.39668272508272506
1056,77.2,9,1056,0.4004519443552367
1056,71.2,8,1056,0.3343383047296486
1056,75.2,1,1056,0.39985639408681256
1056,73.2,6,1056,0.3668898068898068
1056,78.0,5,1056,0.40679642579642583
1056,77.60000000000001,2,1056,0.3985211007421534
1056,73.6,3,1056,0.3565933734226416
1056,77.60000000000001,4,1056,0.4188085776228068
