n_shots,accuracy,run_num,nspw,f1
838,82.8,8,838,0.7728524891626491
838,76.4,1,838,0.7249750249750245
838,84.0,6,838,0.7899738068569233
838,81.6,7,838,0.7664118709573252
838,81.2,0,838,0.7789994997787202
838,79.60000000000001,9,838,0.7524995206813384
838,82.39999999999999,3,838,0.743831853572113
838,84.0,4,838,0.7786918348606658
838,82.0,5,838,0.7526862747641966
838,82.0,2,838,0.7524951239236949
