n_shots,accuracy,run_num,nspw,f1
838,81.2,5,838,0.7474780545827141
838,80.80000000000001,2,838,0.781666709913463
838,80.4,3,838,0.7692343010524826
838,82.8,4,838,0.7797650401546503
838,78.0,9,838,0.7238209036528361
838,80.80000000000001,7,838,0.7501306053254103
838,83.2,0,838,0.7714140837517456
838,80.80000000000001,1,838,0.7577275538314496
838,80.4,6,838,0.7598291319070536
838,81.6,8,838,0.7961131220871477
