n_shots,accuracy,run_num,nspw,f1
838,23.599999999999998,0,838,0.21226932500810394
838,36.8,7,838,0.33541694643896786
838,42.4,9,838,0.39181968858298716
838,33.6,8,838,0.27678113203323285
838,40.400000000000006,6,838,0.3642973903975152
838,28.4,1,838,0.24993039223732527
838,37.2,2,838,0.32435185670313704
838,42.0,5,838,0.392395360347996
838,38.0,4,838,0.32653030103755853
838,42.0,3,838,0.3914016921535718
