n_shots,accuracy,run_num,nspw,f1
198,59.599999999999994,6,198,0.047976841009627895
198,44.0,1,198,0.056656730218532854
198,34.8,8,198,0.053296535108888925
198,57.599999999999994,9,198,0.05882622478724216
198,71.6,0,198,0.025216706067769903
198,56.00000000000001,7,198,0.03522695627958786
198,64.0,4,198,0.038279967159277506
198,52.0,3,198,0.054723066268128416
198,51.2,2,198,0.05562173832850524
198,66.8,5,198,0.03314310909549004
