n_shots,accuracy,run_num,nspw,f1
838,84.0,5,838,0.7868710569627296
838,81.2,2,838,0.775238181731688
838,79.60000000000001,3,838,0.7499607174931847
838,81.6,4,838,0.7729904294839357
838,80.0,7,838,0.7486980551915614
838,83.2,0,838,0.7793562137717978
838,79.60000000000001,9,838,0.7477112268938086
838,84.0,8,838,0.82225467427912
838,82.0,1,838,0.7776578399955019
838,80.80000000000001,6,838,0.7561596412245759
