n_shots,accuracy,run_num,nspw,f1
1056,77.2,9,1056,0.3994174771045035
1056,78.0,0,1056,0.42009461221382677
1056,78.0,7,1056,0.41874033993164433
1056,72.39999999999999,6,1056,0.353327334879059
1056,74.0,1,1056,0.37678447014197647
1056,71.2,8,1056,0.3349948512707134
1056,75.6,2,1056,0.38114045913205574
1056,74.4,5,1056,0.3708048918048918
1056,78.0,4,1056,0.40977257159984426
1056,71.2,3,1056,0.32120880270880264
