n_shots,accuracy,run_num,nspw,f1
1056,12.4,4,1056,0.01805903866248694
1056,12.8,3,1056,0.01576157804459691
1056,10.8,2,1056,0.014999534942713399
1056,12.4,5,1056,0.018038641097464628
1056,12.4,8,1056,0.0172242543560373
1056,13.600000000000001,6,1056,0.018743838138239273
1056,12.0,1,1056,0.016960698326323097
1056,16.8,0,1056,0.029147341699454734
1056,14.000000000000002,7,1056,0.02858600226219805
1056,4.3999999999999995,9,1056,0.0075196078431372555
