n_shots,accuracy,run_num,nspw,f1
838,34.0,8,838,0.2804946159365933
838,40.8,6,838,0.35880900826218665
838,28.000000000000004,1,838,0.2397778365719278
838,22.8,0,838,0.20672956951152444
838,38.0,7,838,0.3427755714599306
838,40.8,9,838,0.35958084924898503
838,33.6,4,838,0.3032495763015244
838,41.6,3,838,0.36235559268710327
838,37.2,2,838,0.32143108101734214
838,40.400000000000006,5,838,0.3811093307846554
