n_shots,accuracy,run_num,nspw,f1
100,85.2,0,100,0.6354199516451173
50,84.39999999999999,0,50,0.6313326655165379
25,83.2,0,25,0.6421386265214297
10,77.60000000000001,0,10,0.5991026401273873
64,86.4,0,64,0.6475946228380978
5,76.4,0,5,0.5936952290632159
1,68.0,0,1,0.5202516105780058
32,83.2,0,32,0.644122514598033
