n_shots,accuracy,run_num,nspw,f1
100,94.0,0,100,0.8823746239330653
50,93.2,0,50,0.8726145427444124
250,92.4,0,250,0.8796646355087909
25,92.0,0,25,0.8918290944264967
500,94.0,0,500,0.893794949639105
750,94.0,0,750,0.8963455015403063
1,80.80000000000001,0,1,0.7438312048701654
20,90.8,0,20,0.8864826371319876
200,92.80000000000001,0,200,0.8874210926158974
75,92.0,0,75,0.8599423664358725
