n_shots,accuracy,run_num,nspw,f1
50,91.2,0,50,0.8602292368526131
750,92.4,0,750,0.8861470419911975
838,93.60000000000001,0,838,0.8939962634767828
25,89.2,0,25,0.8475505014466049
10,87.6,0,10,0.8044191738996931
20,90.0,0,20,0.8530823433420834
250,93.2,0,250,0.886972407102277
100,92.0,0,100,0.9015444151807785
1,80.80000000000001,0,1,0.7530720361889188
2,81.2,0,2,0.7622288245664866
500,93.60000000000001,0,500,0.9019272934857349
75,92.4,0,75,0.8846103391557936
5,89.2,0,5,0.839105050793362
