n_shots,accuracy,run_num,nspw,f1
838,74.4,4,838,0.7131032747915862
838,78.4,3,838,0.7331105402533972
838,78.0,2,838,0.7416623059480199
838,78.8,5,838,0.7141352154339163
838,74.8,8,838,0.7170596358908043
838,79.2,6,838,0.736959577219317
838,77.2,1,838,0.7426357552980928
838,77.2,0,838,0.712263638237664
838,74.4,7,838,0.672214293642865
838,72.39999999999999,9,838,0.6793962170585544
