n_shots,accuracy,run_num,nspw,f1
838,15.2,0,838,0.11506046863189721
838,13.200000000000001,7,838,0.08680180546348149
838,15.6,9,838,0.1276007645141816
838,10.0,8,838,0.06005462791177077
838,5.6000000000000005,6,838,0.024276713385624274
838,13.600000000000001,1,838,0.10522776692655202
838,6.4,2,838,0.03654809551035966
838,12.4,5,838,0.10460123167950652
838,19.6,4,838,0.15950115536665876
838,6.800000000000001,3,838,0.04383116883116883
