n_shots,accuracy,run_num,nspw,f1
1000,0.0,2,1000,0.0
1000,50.0,5,1000,0.006622516556291391
1000,100.0,4,1000,0.013245033112582781
1000,50.0,3,1000,0.006622516556291391
1000,50.0,0,1000,0.006622516556291391
1000,100.0,7,1000,0.013245033112582781
1000,0.0,9,1000,0.0
1000,50.0,8,1000,0.006622516556291391
1000,50.0,6,1000,0.006622516556291391
1000,100.0,1,1000,0.013245033112582781
