n_shots,accuracy,run_num,nspw
750,0.7350427350427351,0,750
750,0.6495726495726496,1,750
750,0.6581196581196581,2,750
750,0.6410256410256411,3,750
750,0.7350427350427351,4,750
750,0.7094017094017094,5,750
750,0.6666666666666666,6,750
750,0.6923076923076923,7,750
750,0.6324786324786325,8,750
750,0.717948717948718,9,750
