n_shots,accuracy,run_num,nspw
1750,0.9063829787234042,0,1750
1750,0.8893617021276595,1,1750
1750,0.8936170212765957,2,1750
1750,0.9148936170212766,3,1750
1750,0.9063829787234042,4,1750
1750,0.9106382978723404,5,1750
1750,0.8936170212765957,6,1750
1750,0.9148936170212766,7,1750
1750,0.9148936170212766,8,1750
1750,0.9063829787234042,9,1750
