n_shots,accuracy,run_num,nspw,f1
1169,79.60000000000001,8,1169,0.5693340025877208
1169,82.0,6,1169,0.5926599228585983
1169,82.39999999999999,1,1169,0.5853200883002208
1169,82.8,0,1169,0.5943443421920244
1169,78.8,7,1169,0.6015662777252182
1169,79.2,9,1169,0.5821511453961785
1169,85.2,4,1169,0.6140033589286631
1169,79.60000000000001,3,1169,0.5778570215656308
1169,83.2,2,1169,0.6129975984280622
1169,82.0,5,1169,0.5859843247260466
