n_shots,accuracy,run_num,nspw,f1
1169,53.6,5,1169,0.39071641901793797
1169,55.2,2,1169,0.42090823084200546
1169,55.60000000000001,3,1169,0.41217795968477666
1169,51.2,4,1169,0.38338570921352355
1169,51.6,7,1169,0.37584605586163805
1169,54.800000000000004,0,1169,0.4148586145274884
1169,51.2,9,1169,0.39287012818372363
1169,54.800000000000004,8,1169,0.41243298643960863
1169,54.0,1,1169,0.40508873025429293
1169,50.4,6,1169,0.3884070967339372
