n_shots,accuracy,run_num,nspw,f1
1500,62.0,4,1500,0.48421916567611933
1500,61.6,3,1500,0.483817286466293
1500,61.199999999999996,2,1500,0.47732576474298327
1500,57.599999999999994,5,1500,0.43834550291503915
1500,61.6,6,1500,0.4860296436455375
1500,60.4,1,1500,0.475898770104068
1500,62.4,8,1500,0.48725468791693943
1500,61.199999999999996,9,1500,0.4698675496688742
1500,60.8,0,1500,0.4773257647429831
1500,60.8,7,1500,0.47116948324583685
