n_shots,accuracy,run_num,nspw,f1
838,32.4,8,838,0.2739636659261406
838,27.6,1,838,0.24119198739743983
838,40.8,6,838,0.3829466244411846
838,38.4,7,838,0.3420980539317637
838,24.8,0,838,0.2216982752697039
838,41.199999999999996,9,838,0.383734116806217
838,43.2,3,838,0.3941782898699894
838,35.6,4,838,0.31378022515803133
838,39.6,5,838,0.3678879711854343
838,39.2,2,838,0.3574306036434094
