n_shots,accuracy,run_num,nspw,f1
750,94.39999999999999,0,750,0.8984030399614812
20,91.60000000000001,0,20,0.8816015874457431
75,93.2,0,75,0.8878673995557109
200,92.0,0,200,0.8533899722211407
50,93.2,0,50,0.8899805101103802
5,88.0,0,5,0.8309116568856825
100,92.80000000000001,0,100,0.8969544164349356
250,94.0,0,250,0.8940518356102769
2,83.6,0,2,0.7944283710517471
25,92.4,0,25,0.8994431254171511
10,87.6,0,10,0.8273447331888887
500,93.2,0,500,0.8842464894412945
