n_shots,accuracy,run_num,nspw,f1
1500,37.6,3,1500,0.2894262102871374
1500,37.2,4,1500,0.2844832471812027
1500,33.6,5,1500,0.2626650100322882
1500,41.199999999999996,2,1500,0.307088607306063
1500,41.199999999999996,1,1500,0.3119549324847339
1500,35.199999999999996,6,1500,0.2886272145300009
1500,42.4,8,1500,0.3130711991498238
1500,41.199999999999996,9,1500,0.3033923811129927
1500,39.6,7,1500,0.2924967962837564
1500,40.0,0,1500,0.2987658992957006
