n_shots,accuracy,run_num,nspw,f1
1169,57.599999999999994,5,1169,0.4324240512982232
1169,57.199999999999996,2,1169,0.44350888258173005
1169,56.00000000000001,3,1169,0.43481496235068884
1169,56.00000000000001,4,1169,0.41898399420183985
1169,56.39999999999999,7,1169,0.4329017909010935
1169,57.99999999999999,0,1169,0.44995640640362083
1169,54.0,9,1169,0.41418059497529663
1169,56.8,8,1169,0.42766684924231085
1169,58.8,1,1169,0.45751077472931756
1169,54.800000000000004,6,1169,0.4208130702031013
