n_shots,accuracy,run_num,nspw,f1
1129,70.0,9,1129,0.6408755945601929
1129,62.4,0,1129,0.48833397737141054
1129,58.8,7,1129,0.46576832514332517
1129,47.599999999999994,6,1129,0.3842364796721643
1129,65.2,1,1129,0.5976051239209134
1129,50.8,8,1129,0.3841978967914059
1129,51.6,2,1129,0.39789179224768034
1129,61.6,5,1129,0.48180344120023083
1129,57.599999999999994,4,1129,0.44925149488980926
1129,59.599999999999994,3,1129,0.4591827364554637
