n_shots,accuracy,run_num,nspw,f1
838,2.0,2,838,0.01752548526742075
838,1.2,5,838,0.0054034319094560055
838,1.2,4,838,0.004536796536796537
838,2.4,3,838,0.020620196130400215
838,1.2,0,838,0.006702974444909929
838,1.6,7,838,0.011898627688101373
838,1.2,9,838,0.006700470843897139
838,2.0,8,838,0.0217514725711447
838,2.4,6,838,0.02359128474830954
838,2.0,1,838,0.01690790412594924
