n_shots,accuracy,run_num,nspw,f1
1056,60.0,6,1056,0.24416937272614309
1056,59.599999999999994,1,1056,0.2778498464594831
1056,60.0,8,1056,0.23496343072132542
1056,57.199999999999996,9,1056,0.3256112586854522
1056,56.8,0,1056,0.2679981095117635
1056,58.8,7,1056,0.27118851477100564
1056,62.0,4,1056,0.32885255851726436
1056,60.4,3,1056,0.28843461766991185
1056,61.199999999999996,2,1056,0.3147970154209459
1056,57.599999999999994,5,1056,0.2602477417702427
