n_shots,accuracy,run_num,nspw,f1
500,88.0,0,500,0.6693393251340273
1,64.4,0,1,0.5048017288083511
1000,90.4,0,1000,0.6616181571966537
50,84.0,0,50,0.6353260012614319
10,76.4,0,10,0.599278047717026
25,82.0,0,25,0.6336399313220507
100,85.6,0,100,0.6484389782403028
250,86.8,0,250,0.6632187532849784
20,78.4,0,20,0.6146386358306889
200,88.0,0,200,0.6624559812887628
2,69.19999999999999,0,2,0.536384300026684
750,90.4,0,750,0.671213305362456
75,83.2,0,75,0.6377182420228779
5,72.8,0,5,0.5730397614221765
