n_shots,accuracy,run_num,nspw,f1
838,10.8,5,838,0.10691816120387547
838,10.8,2,838,0.10708054571690935
838,8.4,3,838,0.08313510681997188
838,8.0,4,838,0.07694909190745193
838,10.8,9,838,0.10365977807187216
838,10.0,7,838,0.10888128191951131
838,3.5999999999999996,0,838,0.026780794962613142
838,6.4,1,838,0.05827498811063919
838,13.200000000000001,6,838,0.12300382343640917
838,11.200000000000001,8,838,0.12154434017788056
