n_shots,accuracy,run_num,nspw,f1
1500,27.6,8,1500,0.2155263139504777
1500,38.4,6,1500,0.3211357635116375
1500,36.0,1,1500,0.3164916216276173
1500,36.0,0,1500,0.2935825575656663
1500,49.2,7,1500,0.42144094805381466
1500,28.4,9,1500,0.21007395746155377
1500,15.2,4,1500,0.11432145112739785
1500,32.0,3,1500,0.26362864603576674
1500,31.6,2,1500,0.25780427556743346
1500,34.0,5,1500,0.2811339559229523
