n_shots,accuracy,run_num,nspw,f1
838,18.0,9,838,0.1494232969022885
838,14.799999999999999,7,838,0.1219181251648784
838,10.8,0,838,0.07259185478408652
838,10.4,1,838,0.08616113340737447
838,18.8,6,838,0.1290263851290701
838,14.799999999999999,8,838,0.10544009964003939
838,20.8,5,838,0.15068056762861962
838,12.4,2,838,0.10462097558233131
838,4.3999999999999995,3,838,0.014387911369170486
838,8.4,4,838,0.052926982758915525
