n_shots,accuracy,run_num,nspw,f1
1056,30.4,8,1056,0.16018284718284717
1056,26.400000000000002,1,1056,0.1192433705385651
1056,26.8,6,1056,0.14987528859737534
1056,25.2,7,1056,0.1424699698426796
1056,19.6,0,1056,0.0790132677087895
1056,27.200000000000003,9,1056,0.11670497640497642
1056,23.200000000000003,3,1056,0.13402919338487526
1056,31.2,4,1056,0.14225075085118996
1056,31.2,5,1056,0.15537356225220303
1056,26.400000000000002,2,1056,0.11266358207155172
