n_shots,accuracy,run_num,nspw,f1
1129,54.0,8,1129,0.42010275165447575
1129,58.8,1,1129,0.4531825177170694
1129,57.99999999999999,6,1129,0.44645358625209236
1129,51.2,7,1129,0.4041157865786578
1129,45.6,0,1129,0.3646801830995449
1129,51.2,9,1129,0.4040296633375127
1129,47.599999999999994,3,1129,0.3613465669536223
1129,57.199999999999996,4,1129,0.43284432224883823
1129,62.8,5,1129,0.4919899700216865
1129,49.6,2,1129,0.3874156080713458
