n_shots,accuracy,run_num,nspw,f1
1169,65.60000000000001,4,1169,0.4568790297267116
1169,72.0,3,1169,0.48199692140089484
1169,67.60000000000001,2,1169,0.5305158028570572
1169,66.0,5,1169,0.4572257323250699
1169,62.8,8,1169,0.4442292645167785
1169,70.8,6,1169,0.5263862632567389
1169,66.0,1,1169,0.48296928042740267
1169,69.6,0,1169,0.518752536163824
1169,66.0,7,1169,0.5205904103255093
1169,66.0,9,1169,0.49158066608397727
