n_shots,accuracy,run_num,nspw,f1
198,62.4,4,198,0.03579106811296785
198,50.0,3,198,0.05093830244887646
198,52.0,2,198,0.03309898184131481
198,60.4,5,198,0.03550093872674518
198,36.0,8,198,0.048801099144640814
198,55.2,6,198,0.04228664056250263
198,53.6,1,198,0.03155116895827053
198,68.8,0,198,0.0361997226074896
198,66.0,7,198,0.03844759301612093
198,55.60000000000001,9,198,0.06829253864137586
