n_shots,accuracy,run_num,nspw,f1
10,74.4,0,10,0.7993545417671589
25,88.4,0,25,0.88416811168912
1000,94.39999999999999,0,1000,0.9473157867831145
50,93.60000000000001,0,50,0.9244471891989471
100,94.8,0,100,0.9310194624232908
5,67.2,0,5,0.7281596863691272
200,94.0,0,200,0.9241136596424261
1129,94.39999999999999,0,1129,0.9247527030135726
75,92.4,0,75,0.9022724627098645
1,63.2,0,1,0.6604947024301863
2,66.4,0,2,0.6875853991479718
20,89.2,0,20,0.8882055351273562
