n_shots,accuracy,run_num,nspw,f1
1169,0.8,9,1169,0.00010511931041732366
1169,1.2,7,1169,0.00672805466874225
1169,0.8,0,1169,0.00010511931041732366
1169,2.0,1,1169,0.01600085451826533
1169,0.8,6,1169,0.00010511931041732366
1169,3.2,8,1169,0.014590606189553526
1169,0.8,5,1169,0.00010511931041732366
1169,1.2,2,1169,0.006729763787972223
1169,1.6,3,1169,0.011143913401952178
1169,0.8,4,1169,0.00010511931041732366
