n_shots,accuracy,run_num,nspw,f1
1129,51.2,9,1129,0.40871030735410385
1129,44.4,0,1129,0.35970246403646206
1129,46.0,7,1129,0.36471388430921564
1129,56.39999999999999,6,1129,0.43888038916120503
1129,56.8,1,1129,0.43825252687849625
1129,51.2,8,1129,0.4005688162627236
1129,46.0,2,1129,0.35854575163398694
1129,60.4,5,1129,0.47710234222213505
1129,55.2,4,1129,0.430524385175548
1129,48.8,3,1129,0.3858259686585867
