n_shots,accuracy,run_num,nspw,f1
838,81.6,8,838,0.7726962071117911
838,82.39999999999999,6,838,0.763993221785429
838,82.0,1,838,0.7697099437359174
838,84.0,0,838,0.7758183375066489
838,79.2,7,838,0.7513974481506945
838,82.8,9,838,0.7802458385346084
838,80.80000000000001,4,838,0.7518491164213087
838,81.2,3,838,0.7620373854140085
838,80.80000000000001,2,838,0.7595105471728847
838,79.2,5,838,0.728994229605383
