n_shots,accuracy,run_num,nspw,f1
1129,39.2,2,1129,0.2849541022793571
1129,53.2,5,1129,0.40993158946787983
1129,40.8,4,1129,0.3219920707586742
1129,57.99999999999999,3,1129,0.4460870070093567
1129,39.2,0,1129,0.29668291082644144
1129,40.400000000000006,7,1129,0.3056354026090868
1129,43.6,9,1129,0.3140215423705015
1129,38.4,8,1129,0.2703911447092595
1129,46.800000000000004,6,1129,0.33685895132700966
1129,46.0,1,1129,0.3394329570504067
