n_shots,accuracy,run_num,nspw,f1
198,56.00000000000001,3,198,0.054827142978403486
198,63.6,4,198,0.040643577806328025
198,64.0,5,198,0.026228224701507145
198,51.2,2,198,0.03230707277570227
198,37.6,8,198,0.0540409818917653
198,54.0,1,198,0.03094805552278716
198,60.4,6,198,0.0436175164436034
198,61.6,7,198,0.040013227513227514
198,70.0,0,198,0.03811462951898787
198,55.60000000000001,9,198,0.0968823893193641
