n_shots,accuracy,run_num,nspw,f1
838,74.8,9,838,0.7023098495596584
838,74.4,0,838,0.73226405629003
838,76.0,7,838,0.6656997064560086
838,79.2,6,838,0.7277389192591635
838,74.8,1,838,0.7043648270920996
838,77.60000000000001,8,838,0.7168258148777626
838,77.2,2,838,0.6972288173586871
838,79.2,5,838,0.7437705872770805
838,76.4,4,838,0.7216001465106846
838,80.0,3,838,0.7425909967605112
