n_shots,accuracy,run_num,nspw,f1
1500,5.6000000000000005,9,1500,0.011297487745098039
1500,5.6000000000000005,7,1500,0.005701103971000166
1500,5.2,0,1500,0.001487754634927901
1500,5.6000000000000005,1,1500,0.011280187750775985
1500,5.6000000000000005,6,1500,0.005701103971000166
1500,6.0,8,1500,0.015505025539627616
1500,5.6000000000000005,5,1500,0.005707007212333753
1500,5.2,2,1500,0.0014593623709025594
1500,5.2,3,1500,0.0014649537976109983
1500,5.2,4,1500,0.0014538134645493176
