n_shots,accuracy,run_num,nspw
1000,0.9175824175824175,0,1000
1000,0.8736263736263736,1,1000
1000,0.9230769230769231,2,1000
1000,0.8901098901098901,3,1000
1000,0.8901098901098901,4,1000
1000,0.9230769230769231,5,1000
1000,0.8846153846153846,6,1000
1000,0.9065934065934066,7,1000
1000,0.8901098901098901,8,1000
1000,0.9230769230769231,9,1000
