n_shots,accuracy,run_num,nspw,f1
1129,93.2,5,1129,0.9097551823050916
1129,93.2,2,1129,0.8849801433687182
1129,93.60000000000001,3,1129,0.9390607203173481
1129,94.0,4,1129,0.9206028125289486
1129,91.2,9,1129,0.8903262928975072
1129,92.80000000000001,7,1129,0.9091184425435622
1129,95.19999999999999,0,1129,0.9332275624836237
1129,91.60000000000001,1,1129,0.8995183453026847
1129,94.39999999999999,6,1129,0.9452536975979243
1129,93.60000000000001,8,1129,0.9185194729156696
