n_shots,accuracy,run_num,nspw,f1
1500,32.0,7,1500,0.2673774207590908
1500,34.0,0,1500,0.31180509391045125
1500,28.4,9,1500,0.24530395701099278
1500,27.200000000000003,8,1500,0.22124476536996357
1500,27.6,1,1500,0.2503792863660146
1500,30.0,6,1500,0.24348255393710866
1500,32.800000000000004,5,1500,0.28685948313446136
1500,26.400000000000002,2,1500,0.21995308126534222
1500,26.8,3,1500,0.23251737367619152
1500,8.0,4,1500,0.044343743006844606
