n_shots,accuracy,run_num,nspw,f1
838,66.4,0,838,0.6112691866320588
838,65.2,7,838,0.5568711610406758
838,65.60000000000001,9,838,0.5928653555085943
838,67.60000000000001,8,838,0.6224697592535634
838,70.0,6,838,0.6176444046573913
838,62.8,1,838,0.5828044629480034
838,68.0,2,838,0.6078421103108488
838,68.4,5,838,0.6023116133505743
838,60.0,4,838,0.5467135336752561
838,70.0,3,838,0.6266029975189236
