n_shots,accuracy,run_num,nspw
32,0.7404255319148936,0,32
32,0.7404255319148936,1,32
32,0.8042553191489362,2,32
32,0.7021276595744681,3,32
32,0.7574468085106383,4,32
32,0.7489361702127659,5,32
32,0.6170212765957447,6,32
32,0.7446808510638298,7,32
32,0.8212765957446808,8,32
32,0.7531914893617021,9,32
