n_shots,accuracy,run_num,nspw,f1
838,80.80000000000001,3,838,0.7454641318277679
838,82.0,4,838,0.785624836923538
838,82.8,5,838,0.7485158420223352
838,82.39999999999999,2,838,0.7671206859518545
838,82.8,1,838,0.7810178277710741
838,82.8,6,838,0.7745007517734787
838,83.6,8,838,0.8058306942187764
838,78.4,9,838,0.7489840606723719
838,80.4,7,838,0.7553900644809732
838,84.39999999999999,0,838,0.7897918819996737
