n_shots,accuracy,run_num,nspw,f1
1500,48.8,4,1500,0.36821192052980106
1500,51.6,3,1500,0.39496860755138896
1500,51.2,2,1500,0.3915277878854036
1500,49.6,5,1500,0.3729290137923563
1500,54.800000000000004,8,1500,0.4206932140706973
1500,48.4,6,1500,0.37566171572794066
1500,51.2,1,1500,0.40161481811267535
1500,48.8,0,1500,0.37091205336238436
1500,53.2,7,1500,0.39346922393279987
1500,52.400000000000006,9,1500,0.40718033446222307
