n_shots,accuracy,run_num,nspw,f1
1169,38.800000000000004,6,1169,0.3119262635818926
1169,45.6,1,1169,0.35167820693878843
1169,48.4,8,1169,0.3600515242827363
1169,34.0,9,1169,0.2689223610079108
1169,42.0,0,1169,0.32220711293558957
1169,42.8,7,1169,0.3245260905012066
1169,34.0,4,1169,0.28565426962952223
1169,43.6,3,1169,0.345499126709661
1169,42.4,2,1169,0.33099557968850396
1169,37.2,5,1169,0.3070429738512223
