n_shots,accuracy,run_num,nspw,f1
32,82.0,0,32,0.6208555016395223
145,87.6,0,145,0.6536813400857031
50,85.6,0,50,0.6355432707167412
5,77.60000000000001,0,5,0.6039581463422522
1,34.8,0,1,0.2633566385081109
64,86.0,0,64,0.6455805416070317
100,57.199999999999996,0,100,0.4487471689458442
10,79.60000000000001,0,10,0.6091969269977946
25,82.8,0,25,0.6369045229972383
