n_shots,accuracy,run_num,nspw,f1
1056,44.4,2,1056,0.1957950943279663
1056,20.0,5,1056,0.07369211100297278
1056,30.0,4,1056,0.18199255738454123
1056,30.4,3,1056,0.18873589669052468
1056,44.4,0,1056,0.14259802209510386
1056,30.0,7,1056,0.14436678758169783
1056,28.000000000000004,9,1056,0.15074801689981954
1056,38.4,8,1056,0.1318600335431978
1056,38.0,6,1056,0.08909685085326008
1056,23.200000000000003,1,1056,0.13872814904393851
