n_shots,accuracy,run_num,nspw,f1
1500,25.2,0,1500,0.22064971057902485
1500,40.400000000000006,7,1500,0.33226130917387786
1500,39.2,9,1500,0.3193000677835236
1500,37.2,8,1500,0.3209303832616883
1500,32.0,6,1500,0.25674543505572817
1500,30.0,1,1500,0.2659902241780441
1500,35.199999999999996,2,1500,0.2785562057169549
1500,30.0,5,1500,0.2480559677250854
1500,20.8,4,1500,0.19847848230201173
1500,36.0,3,1500,0.2647621161774483
