n_shots,accuracy,run_num,nspw,f1
1169,1.2,2,1169,0.00016152479405588755
1169,1.6,5,1169,0.0004808838313175596
1169,1.2,4,1169,0.00015705572860770097
1169,1.2,3,1169,0.00016284876777765715
1169,1.2,9,1169,0.00015705572860770097
1169,1.2,0,1169,0.00015957871219979256
1169,1.6,7,1169,0.0004817637830258098
1169,1.2,6,1169,0.00015957871219979256
1169,1.2,1,1169,0.00016908552909680144
1169,1.6,8,1169,0.0005905077262693157
