n_shots,accuracy,run_num,nspw,f1
1000,97.0,9,1000,0.4525386313465784
1000,99.0,7,1000,0.5099337748344371
1000,98.0,0,1000,0.4657836644591612
1000,97.0,1,1000,0.4896247240618102
1000,99.0,6,1000,0.48785871964679905
1000,99.0,8,1000,0.4534216335540839
1000,97.0,5,1000,0.4546830652790918
1000,94.0,2,1000,0.4631346578366446
1000,99.0,3,1000,0.4900662251655629
1000,94.0,4,1000,0.4379690949227373
