n_shots,accuracy,run_num,nspw,f1
5,65.2,0,5,0.697667347323836
50,93.2,0,50,0.9220024224474054
1,65.2,0,1,0.670809051431585
64,91.2,0,64,0.9273963732467617
25,86.8,0,25,0.8810748935918277
10,73.6,0,10,0.7798918173648118
100,92.80000000000001,0,100,0.8866446955115941
32,90.8,0,32,0.9007673151167239
