n_shots,accuracy,run_num,nspw,f1
32,64.0,0,32,0.49223361861213527
100,78.4,0,100,0.5131181510094555
1,29.2,0,1,0.21540025643431215
5,48.4,0,5,0.3660588689410369
64,73.2,0,64,0.5088180657476771
10,54.0,0,10,0.41273540289196736
25,66.0,0,25,0.5153329737822353
50,72.8,0,50,0.48573037443506506
