n_shots,accuracy,run_num,nspw,f1
1000,98.4,3,1000,0.7509933774834436
1000,98.0,4,1000,0.8056133711762852
1000,99.6,5,1000,0.7866077998528329
1000,97.2,2,1000,0.8045698231128695
1000,98.8,8,1000,0.8060443603489962
1000,98.8,1,1000,0.7842129908355073
1000,97.6,6,1000,0.7929359823399559
1000,100.0,7,1000,0.8211920529801324
1000,99.2,0,1000,0.8167770419426049
1000,97.2,9,1000,0.735856196783349
