n_shots,accuracy,run_num,nspw,f1
1056,26.8,7,1056,0.12615836243897538
1056,22.8,0,1056,0.10185415040333073
1056,29.599999999999998,9,1056,0.13900795929530857
1056,31.2,8,1056,0.16856223593369038
1056,29.599999999999998,1,1056,0.1418466830380067
1056,28.4,6,1056,0.16022401888610244
1056,30.0,5,1056,0.1489829418947066
1056,34.4,2,1056,0.12279935286650112
1056,24.0,3,1056,0.14036769216412107
1056,40.400000000000006,4,1056,0.16531725747812154
