n_shots,accuracy,run_num,nspw,f1
1169,56.39999999999999,7,1169,0.43170398402186455
1169,55.2,0,1169,0.42223273415326373
1169,53.6,9,1169,0.4223425561696735
1169,54.400000000000006,8,1169,0.4125469085733984
1169,57.599999999999994,1,1169,0.445826763376432
1169,53.2,6,1169,0.40481291854490115
1169,57.599999999999994,5,1169,0.44099228585983513
1169,56.39999999999999,2,1169,0.425306920723442
1169,56.39999999999999,3,1169,0.43707069020664635
1169,54.400000000000006,4,1169,0.4135082337591921
