n_shots,accuracy,run_num,nspw,f1
198,59.199999999999996,4,198,0.03255675029868578
198,52.800000000000004,3,198,0.06931251045682532
198,48.0,2,198,0.03240150693566842
198,67.2,5,198,0.02530494956603331
198,40.8,8,198,0.05361743774245174
198,64.4,6,198,0.058534296323499414
198,58.4,1,198,0.031802963822092994
198,62.8,0,198,0.02686506525823981
198,71.6,7,198,0.03655306782907338
198,58.4,9,198,0.08501667333600106
