n_shots,accuracy,run_num,nspw,f1
838,80.4,2,838,0.7498451043905586
838,79.2,5,838,0.7292030480342166
838,80.4,4,838,0.762542940465018
838,81.6,3,838,0.7471349718102963
838,80.0,0,838,0.7589375991973388
838,78.4,7,838,0.7270798825993631
838,78.8,9,838,0.7417888028277637
838,82.39999999999999,8,838,0.7715782053444387
838,81.2,6,838,0.7304135979460652
838,82.0,1,838,0.7728273890611548
