n_shots,accuracy,run_num,nspw
64,1.0,0,64
64,1.0,1,64
64,1.0,2,64
64,0.984375,3,64
64,0.96875,4,64
64,0.953125,5,64
64,0.984375,6,64
64,1.0,7,64
64,0.984375,8,64
64,0.984375,9,64
