n_shots,accuracy,run_num,nspw
32,0.96875,0,32
32,1.0,1,32
32,1.0,2,32
32,0.9375,3,32
32,1.0,4,32
32,0.96875,5,32
32,1.0,6,32
32,0.96875,7,32
32,0.96875,8,32
32,1.0,9,32
