n_shots,accuracy,run_num,nspw
32,1.0,0,32
32,1.0,1,32
32,0.96875,2,32
32,1.0,3,32
32,0.96875,4,32
32,1.0,5,32
32,1.0,6,32
32,1.0,7,32
32,0.96875,8,32
32,0.96875,9,32
