n_shots,accuracy,run_num,nspw
64,0.984375,0,64
64,1.0,1,64
64,0.96875,2,64
64,1.0,3,64
64,1.0,4,64
64,0.984375,5,64
64,0.984375,6,64
64,1.0,7,64
64,0.984375,8,64
64,1.0,9,64
