n_shots,accuracy,run_num,nspw,f1
838,83.2,2,838,0.7909200467642022
838,85.2,5,838,0.7868471355484339
838,80.80000000000001,4,838,0.7633599445287754
838,80.0,3,838,0.7427767758936589
838,83.2,0,838,0.778423884917391
838,80.80000000000001,7,838,0.7520241663098803
838,80.0,9,838,0.7487341662666334
838,83.6,8,838,0.8097360240981323
838,82.39999999999999,6,838,0.7767299078987386
838,82.8,1,838,0.7845673806712764
