n_shots,accuracy,run_num,nspw,f1
1500,5.2,0,1500,0.0014538134645493176
1500,5.2,7,1500,0.0014538134645493176
1500,5.2,9,1500,0.0014538134645493176
1500,5.2,8,1500,0.0014538134645493176
1500,5.2,6,1500,0.0014538134645493176
1500,5.2,1,1500,0.0014538134645493176
1500,5.2,2,1500,0.0014538134645493176
1500,5.2,5,1500,0.0014538134645493176
1500,5.2,4,1500,0.0014538134645493176
1500,5.2,3,1500,0.0014538134645493176
