n_shots,accuracy,run_num,nspw,f1
20,86.0,0,20,0.7150382626312555
1000,88.4,0,1000,0.7493386777381617
200,88.0,0,200,0.73199466135236
750,88.4,0,750,0.7419446668068679
75,69.19999999999999,0,75,0.4982239549380663
5,78.8,0,5,0.6617630841596537
50,87.6,0,50,0.7332586552720635
500,88.4,0,500,0.7377263025130484
2,72.0,0,2,0.593029843800116
100,88.4,0,100,0.7373351510304268
25,86.8,0,25,0.735151265773208
250,87.6,0,250,0.7319966603048256
10,83.6,0,10,0.6810233545185401
