n_shots,accuracy,run_num,nspw,f1
20,63.2,0,20,0.48738932910538163
1,29.2,0,1,0.22724469764643423
500,83.2,0,500,0.5361494645705172
75,78.4,0,75,0.5328242317022504
100,79.60000000000001,0,100,0.5318085838728042
250,79.60000000000001,0,250,0.5299521650557457
2,36.0,0,2,0.2570439415329059
50,71.2,0,50,0.48352758327357875
1000,81.6,0,1000,0.4828262954059062
200,81.6,0,200,0.5275396887852132
750,83.6,0,750,0.4876413580562188
