n_shots,accuracy,run_num,nspw,f1
100,78.8,0,100,0.5222667881367572
50,75.2,0,50,0.5137347944163675
25,64.4,0,25,0.4940294560448013
64,73.6,0,64,0.5089509085685557
5,49.6,0,5,0.3507587030258288
32,65.2,0,32,0.4917338021276372
