n_shots,accuracy,run_num,nspw,f1
1169,82.0,9,1169,0.5860378703741792
1169,85.6,0,1169,0.6093759549017181
1169,82.0,7,1169,0.6228460185033847
1169,83.6,6,1169,0.6007582924801468
1169,84.39999999999999,1,1169,0.6044480136117284
1169,81.6,8,1169,0.5804360866729882
1169,84.39999999999999,2,1169,0.6245979186376539
1169,83.2,5,1169,0.6052553116686961
1169,84.39999999999999,4,1169,0.5959333161319916
1169,80.80000000000001,3,1169,0.5872968845955949
