n_shots,accuracy,run_num,nspw,f1
838,83.2,8,838,0.7759178411775809
838,77.2,1,838,0.7379451717114052
838,82.8,6,838,0.7763043594212421
838,82.0,7,838,0.7622554213463301
838,80.0,0,838,0.7727636721143212
838,79.60000000000001,9,838,0.7435140616958795
838,84.0,3,838,0.7741812300253855
838,83.2,4,838,0.7790069619710565
838,82.0,5,838,0.7517687939765859
838,82.0,2,838,0.7571475422124768
