n_shots,accuracy,run_num,nspw,f1
750,84.0,0,750,0.5342578098663623
50,73.2,0,50,0.5074927743340397
200,80.4,0,200,0.5255590685069969
100,80.0,0,100,0.5279082603076897
250,82.39999999999999,0,250,0.5328461852941137
20,65.60000000000001,0,20,0.49799173869958385
5,47.599999999999994,0,5,0.33703536206515544
1000,80.80000000000001,0,1000,0.49756414535263105
2,36.0,0,2,0.2570439415329059
75,76.4,0,75,0.5267626642363485
500,83.6,0,500,0.5338446943059599
