n_shots,accuracy,run_num,nspw,f1
5,65.2,0,5,0.6690630100109018
100,92.0,0,100,0.9074090788650685
32,89.2,0,32,0.9126875223019258
1,65.2,0,1,0.670809051431585
50,89.60000000000001,0,50,0.8887304090438329
10,78.4,0,10,0.7945446206094803
25,88.8,0,25,0.8908315424158451
64,89.60000000000001,0,64,0.91455628337701
