n_shots,accuracy,run_num,nspw,f1
838,82.0,4,838,0.7502593281432086
838,81.2,3,838,0.7675546675546671
838,81.2,2,838,0.7650418845224037
838,80.4,5,838,0.7595197731561366
838,83.6,6,838,0.7728078559247387
838,82.8,1,838,0.7865882313934258
838,82.0,8,838,0.7766501592885732
838,82.8,9,838,0.7693690148235598
838,85.6,0,838,0.8036754731559923
838,81.2,7,838,0.766063734245552
