n_shots,accuracy,run_num,nspw,f1
1169,82.39999999999999,9,1169,0.5950488804793441
1169,84.39999999999999,0,1169,0.6030491825516864
1169,82.8,7,1169,0.6281509513297594
1169,84.0,6,1169,0.6056067320619429
1169,83.6,1,1169,0.6000233598467594
1169,81.2,8,1169,0.5778378255792508
1169,84.0,2,1169,0.6224983625645879
1169,81.6,5,1169,0.5842919038283277
1169,85.6,4,1169,0.6092073641514154
1169,81.6,3,1169,0.5903400131876951
