n_shots,accuracy,run_num,nspw,f1
838,22.400000000000002,0,838,0.2056401827078519
838,38.4,7,838,0.35388146428275713
838,41.6,9,838,0.3841855750564687
838,32.800000000000004,8,838,0.2812944076414552
838,41.6,6,838,0.37879354810263116
838,28.000000000000004,1,838,0.23796649715896262
838,39.6,2,838,0.34206781674314135
838,41.199999999999996,5,838,0.3793797684363001
838,38.0,4,838,0.3138842225832061
838,42.8,3,838,0.3954868619814222
