n_shots,accuracy,run_num,nspw,f1
1500,82.8,2,1500,0.6624068524068523
1500,86.8,5,1500,0.6849846504560891
1500,82.39999999999999,4,1500,0.6229380760982628
1500,82.8,3,1500,0.6727944963564172
1500,82.39999999999999,9,1500,0.6364836941221023
1500,82.39999999999999,0,1500,0.6444698302345061
1500,84.8,7,1500,0.693647959047123
1500,83.2,6,1500,0.6424633715637174
1500,84.8,1,1500,0.7055074414157586
1500,82.0,8,1500,0.6445783997816867
