n_shots,accuracy,run_num,nspw,f1
1129,68.8,5,1129,0.5942242118088039
1129,48.4,2,1129,0.4044496689530608
1129,51.2,3,1129,0.42249711009386415
1129,49.2,4,1129,0.40618674953297434
1129,55.60000000000001,9,1129,0.4805249564019243
1129,56.8,7,1129,0.5708019018768478
1129,53.2,0,1129,0.4665524207590239
1129,66.0,1,1129,0.5756262077578521
1129,55.60000000000001,6,1129,0.5350729824591177
1129,50.0,8,1129,0.43904362762230703
