n_shots,accuracy,run_num,nspw,f1
1056,72.39999999999999,3,1056,0.34427160724347416
1056,77.2,4,1056,0.4031847232163437
1056,73.6,5,1056,0.3613257039991619
1056,75.6,2,1056,0.38168373406914924
1056,74.0,1,1056,0.35796453348148255
1056,72.39999999999999,6,1056,0.36412298100970003
1056,68.8,8,1056,0.3334895329770445
1056,77.2,9,1056,0.39954643096748366
1056,74.8,7,1056,0.38251517554743364
1056,76.8,0,1056,0.40429332528477224
