n_shots,accuracy,run_num,nspw,f1
838,82.0,1,838,0.7597217356957613
838,84.0,6,838,0.7791964168587542
838,83.6,8,838,0.8009956550626405
838,82.39999999999999,9,838,0.7788136827097861
838,81.2,7,838,0.7691266886072077
838,82.39999999999999,0,838,0.7688451519620348
838,82.8,3,838,0.7804308245866683
838,82.0,4,838,0.7461399732599119
838,82.0,5,838,0.7737923692469144
838,82.39999999999999,2,838,0.775568298944922
