n_shots,accuracy,run_num,nspw,f1
838,64.0,9,838,0.5903613066332698
838,62.4,7,838,0.5601975225351845
838,72.39999999999999,0,838,0.6442526107597878
838,66.4,1,838,0.6103463199669623
838,62.8,6,838,0.544737399091868
838,66.4,8,838,0.6201546649598596
838,63.6,5,838,0.5553026307402364
838,70.8,2,838,0.6194238320349048
838,67.60000000000001,3,838,0.6398229134729474
838,62.4,4,838,0.5272546717351912
