n_shots,accuracy,run_num,nspw,f1
838,85.2,8,838,0.8242271437076628
838,84.8,6,838,0.8001786813475121
838,80.80000000000001,1,838,0.7675376571480468
838,84.39999999999999,0,838,0.7973740545169112
838,80.0,7,838,0.7483963727470218
838,81.2,9,838,0.7651448839760525
838,82.0,4,838,0.7755223852626447
838,82.39999999999999,3,838,0.769238193264167
838,82.39999999999999,2,838,0.7620308263165403
838,85.2,5,838,0.7867879595152318
