n_shots,accuracy,run_num,nspw,f1
25,87.2,0,25,0.8843283603692736
10,68.8,0,10,0.7321555168642156
64,91.60000000000001,0,64,0.9300331212380036
100,90.0,0,100,0.8923198967081678
50,89.60000000000001,0,50,0.8919672062376804
1,65.2,0,1,0.670809051431585
32,88.4,0,32,0.8639040008644138
5,65.2,0,5,0.6822955121670717
