n_shots,accuracy,run_num,nspw,f1
250,93.60000000000001,0,250,0.8970518658830344
1500,93.60000000000001,0,1500,0.8960419090289217
100,92.0,0,100,0.871165919217867
1,80.80000000000001,0,1,0.7438312048701654
50,92.80000000000001,0,50,0.8736079216598693
500,92.4,0,500,0.8837343752928164
25,92.0,0,25,0.8895127960063024
5,86.8,0,5,0.8159898543015421
750,95.19999999999999,0,750,0.905760761604917
200,92.0,0,200,0.879169099298969
2,83.6,0,2,0.7852193982064107
75,93.60000000000001,0,75,0.882580766996351
