n_shots,accuracy,run_num,nspw,f1
1000,92.0,8,1000,0.2801324503311258
1000,98.0,6,1000,0.2693156732891832
1000,98.0,1,1000,0.2869757174392936
1000,98.0,0,1000,0.2693156732891832
1000,96.0,7,1000,0.2781456953642384
1000,90.0,9,1000,0.2503311258278145
1000,92.0,4,1000,0.25165562913907286
1000,98.0,3,1000,0.2980132450331126
1000,88.0,2,1000,0.24944812362030908
1000,92.0,5,1000,0.26158940397350994
