n_shots,accuracy,run_num,nspw,f1
838,76.4,9,838,0.713504460907058
838,78.4,7,838,0.7279630182227581
838,78.4,0,838,0.730794962613144
838,79.60000000000001,1,838,0.7577701879649928
838,79.60000000000001,6,838,0.7211117165662616
838,80.4,8,838,0.7505945713737917
838,79.60000000000001,5,838,0.7372915324214023
838,81.6,2,838,0.7693243264671832
838,79.2,3,838,0.7236346625957014
838,77.60000000000001,4,838,0.7589390577167503
