n_shots,accuracy,run_num,nspw,f1
1129,91.60000000000001,9,1129,0.8936616843276171
1129,92.4,7,1129,0.903836407472245
1129,94.39999999999999,0,1129,0.9314203064683472
1129,90.4,1,1129,0.9057070812303879
1129,93.60000000000001,6,1129,0.936674282799216
1129,94.0,8,1129,0.922468072686346
1129,92.80000000000001,5,1129,0.9066039747216065
1129,93.60000000000001,2,1129,0.9178283637464616
1129,93.60000000000001,3,1129,0.919661465240356
1129,94.0,4,1129,0.9258134384292297
