n_shots,accuracy,run_num,nspw,f1
1129,93.60000000000001,8,1129,0.9200272490239104
1129,89.60000000000001,1,1129,0.8974054918066381
1129,93.60000000000001,6,1129,0.9358362197845903
1129,91.60000000000001,7,1129,0.8975982737592645
1129,95.6,0,1129,0.9590800465750648
1129,93.2,9,1129,0.9321580028239357
1129,94.0,3,1129,0.9435157600539759
1129,93.2,4,1129,0.9176491747094104
1129,94.0,5,1129,0.9189501518511385
1129,93.2,2,1129,0.9337569997969829
