n_shots,accuracy,run_num,nspw,f1
838,33.2,1,838,0.30466602248810387
838,51.2,6,838,0.4452181390351916
838,40.8,8,838,0.3681554376359572
838,38.4,9,838,0.3285099289713097
838,28.000000000000004,7,838,0.2333945517340221
838,41.199999999999996,0,838,0.37485357355487225
838,37.6,3,838,0.3335685238282641
838,34.4,4,838,0.28900178104723556
838,50.0,5,838,0.4413615547106097
838,32.800000000000004,2,838,0.3001890216175931
