n_shots,accuracy,run_num,nspw,f1
1500,42.8,0,1500,0.3800098340569566
1500,46.400000000000006,7,1500,0.3792500737524413
1500,37.6,9,1500,0.3149644617205171
1500,39.2,8,1500,0.3203137242452361
1500,38.0,6,1500,0.31030778586738345
1500,37.6,1,1500,0.32437958655371973
1500,36.4,2,1500,0.30374028339676673
1500,33.2,5,1500,0.2627761371396139
1500,16.0,4,1500,0.11671335200746966
1500,34.0,3,1500,0.28308980877274453
