n_shots,accuracy,run_num,nspw,f1
1000,97.0,4,1000,0.7186376537369916
1000,99.0,3,1000,0.6975717439293598
1000,97.0,2,1000,0.7303269210553979
1000,98.5,5,1000,0.6899190581309786
1000,97.0,6,1000,0.698896247240618
1000,99.0,1,1000,0.7261928652657129
1000,98.0,8,1000,0.7044150110375276
1000,97.0,9,1000,0.6777882897088194
1000,99.5,0,1000,0.7328918322295807
1000,100.0,7,1000,0.7417218543046358
