n_shots,accuracy,run_num,nspw,f1
198,60.0,0,198,0.028335081592819306
198,70.8,7,198,0.0305945492280896
198,54.400000000000006,9,198,0.059067861151194494
198,44.800000000000004,8,198,0.0581671521813342
198,68.4,6,198,0.039372408797373734
198,59.199999999999996,1,198,0.023334713595583163
198,46.400000000000006,2,198,0.034980049712192575
198,71.2,5,198,0.025509491207409328
198,68.4,4,198,0.04687432867883995
198,48.8,3,198,0.06445024509540638
