n_shots,accuracy,run_num,nspw,f1
1129,59.599999999999994,9,1129,0.47799479579616316
1129,48.8,0,1129,0.38584623305497084
1129,57.599999999999994,7,1129,0.4482639274913615
1129,59.199999999999996,6,1129,0.460563495399561
1129,65.60000000000001,1,1129,0.6086752986077554
1129,48.0,8,1129,0.36238434061146396
1129,55.60000000000001,2,1129,0.43427137298680557
1129,65.60000000000001,5,1129,0.5109946704363166
1129,53.2,4,1129,0.3973294615449275
1129,55.2,3,1129,0.40333804284404434
