n_shots,accuracy,run_num,nspw,f1
1500,34.8,6,1500,0.2940099769147214
1500,32.0,1,1500,0.2814601187732349
1500,44.4,8,1500,0.3684526840838932
1500,41.199999999999996,9,1500,0.34449476392200856
1500,28.4,0,1500,0.25022549726764
1500,44.4,7,1500,0.3625465820605111
1500,21.6,4,1500,0.17952751413277385
1500,40.400000000000006,3,1500,0.31866941334746357
1500,36.8,2,1500,0.3098935995803003
1500,34.8,5,1500,0.2850384613695973
