n_shots,accuracy,run_num,nspw,f1
1056,32.800000000000004,8,1056,0.16541097117916523
1056,31.6,1,1056,0.16811841163002658
1056,29.2,6,1056,0.15537608402526437
1056,30.8,7,1056,0.15494559628707186
1056,26.400000000000002,0,1056,0.12190326519358777
1056,28.799999999999997,9,1056,0.13395374560080442
1056,28.000000000000004,3,1056,0.15473758099474222
1056,34.8,4,1056,0.1427087688439882
1056,32.4,5,1056,0.11888613778844873
1056,30.8,2,1056,0.1185967855899316
