n_shots,accuracy,run_num,nspw
750,0.9826666666666667,0,750
750,0.9893333333333333,1,750
750,0.9893333333333333,2,750
750,0.9866666666666667,3,750
750,0.9986666666666667,4,750
750,0.9933333333333333,5,750
750,0.9933333333333333,6,750
750,0.984,7,750
750,0.9906666666666667,8,750
750,0.992,9,750
