n_shots,accuracy,run_num,nspw
1000,0.7350427350427351,0,1000
1000,0.6410256410256411,1,1000
1000,0.7264957264957265,2,1000
1000,0.7094017094017094,3,1000
1000,0.7521367521367521,4,1000
1000,0.717948717948718,5,1000
1000,0.6153846153846154,6,1000
1000,0.6239316239316239,7,1000
1000,0.717948717948718,8,1000
1000,0.6752136752136753,9,1000
