n_shots,accuracy,run_num,nspw,f1
1000,90.0,7,1000,0.059602649006622516
1000,80.0,0,1000,0.046357615894039736
1000,60.0,9,1000,0.03752759381898455
1000,60.0,8,1000,0.03752759381898455
1000,80.0,1,1000,0.052980132450331126
1000,70.0,6,1000,0.039735099337748346
1000,80.0,5,1000,0.052980132450331126
1000,90.0,2,1000,0.059602649006622516
1000,90.0,3,1000,0.059602649006622516
1000,80.0,4,1000,0.052980132450331126
