n_shots,accuracy,run_num,nspw,f1
1500,60.8,8,1500,0.47382529170608645
1500,59.599999999999994,6,1500,0.4631714495952905
1500,61.199999999999996,1,1500,0.48210487084659265
1500,59.199999999999996,0,1500,0.46838536739198994
1500,60.8,7,1500,0.47035109849679363
1500,59.199999999999996,9,1500,0.45784553930249283
1500,59.599999999999994,4,1500,0.449827508767906
1500,59.199999999999996,3,1500,0.44987911279301995
1500,59.599999999999994,2,1500,0.4646063281824871
1500,58.8,5,1500,0.4494261073731271
