n_shots,accuracy,run_num,nspw,f1
20,48.8,0,20,0.09087031341933303
75,45.6,0,75,0.08304997684308028
100,45.2,0,100,0.10726790716286513
50,48.0,0,50,0.12327414970116012
5,60.4,0,5,0.10703614779245031
1,68.0,0,1,0.1338013338013338
2,67.60000000000001,0,2,0.14540368556762
25,49.6,0,25,0.13301730494923206
10,51.2,0,10,0.09963943268978398
