n_shots,accuracy,run_num,nspw,f1
1129,94.39999999999999,3,1129,0.9471908016181612
1129,93.60000000000001,4,1129,0.9213028966850502
1129,93.60000000000001,5,1129,0.9143732604981939
1129,93.2,2,1129,0.9337569997969829
1129,93.2,8,1129,0.9158449481272727
1129,89.60000000000001,1,1129,0.8974054918066381
1129,93.60000000000001,6,1129,0.9366101497590623
1129,92.4,7,1129,0.903836407472245
1129,94.8,0,1129,0.9348391355740701
1129,92.0,9,1129,0.8982034712844608
