n_shots,accuracy,run_num,nspw,f1
1056,68.0,3,1056,0.3347523141143831
1056,64.8,4,1056,0.32852859663089845
1056,68.4,5,1056,0.3362955372211174
1056,69.19999999999999,2,1056,0.3517890131829838
1056,72.8,1,1056,0.3650583098900374
1056,68.8,6,1056,0.3231698191118351
1056,66.4,8,1056,0.3140205181292138
1056,73.2,9,1056,0.3993861602931943
1056,68.8,7,1056,0.37434824892266294
1056,75.2,0,1056,0.38431369093148854
