n_shots,accuracy,run_num,nspw,f1
1169,78.0,3,1169,0.5664272813279435
1169,82.0,4,1169,0.5820372993312888
1169,79.2,5,1169,0.5722700037269574
1169,79.60000000000001,2,1169,0.5890855405826024
1169,80.4,1,1169,0.5670508299647371
1169,80.80000000000001,6,1169,0.5706510928365233
1169,76.8,8,1169,0.5352704614408198
1169,78.4,9,1169,0.5754898025139425
1169,76.8,7,1169,0.5758411198808548
1169,80.80000000000001,0,1169,0.5799750580545283
