n_shots,accuracy,run_num,nspw
750,0.98,0,750
750,0.9773333333333334,1,750
750,0.9866666666666667,2,750
750,0.9866666666666667,3,750
750,0.9826666666666667,4,750
750,0.9693333333333334,5,750
750,0.996,6,750
750,0.9773333333333334,7,750
750,0.984,8,750
750,0.9893333333333333,9,750
