n_shots,accuracy,run_num,nspw,f1
838,82.0,6,838,0.7715124702137685
838,82.8,1,838,0.7863841065139762
838,83.2,8,838,0.8093594716971337
838,78.0,9,838,0.7439724056607171
838,82.0,0,838,0.7698565885349686
838,81.6,7,838,0.7632347450529267
838,81.6,4,838,0.7665667665667664
838,79.60000000000001,3,838,0.7537031511057483
838,80.80000000000001,2,838,0.7697435320811942
838,82.0,5,838,0.7608693615187119
