n_shots,accuracy,run_num,nspw,f1
838,61.6,9,838,0.5643978295972584
838,69.19999999999999,7,838,0.6377479302803974
838,68.0,0,838,0.6200866593723733
838,66.8,1,838,0.6174907979720811
838,68.4,6,838,0.6219920475077081
838,62.4,8,838,0.5831709055735028
838,65.60000000000001,5,838,0.5282485551966072
838,59.599999999999994,2,838,0.5487517532972078
838,69.6,3,838,0.6391527833850216
838,64.8,4,838,0.5849700632419462
