n_shots,accuracy,run_num,nspw,f1
1500,2.0,8,1500,0.01070506257228249
1500,10.0,6,1500,0.08664430807287951
1500,6.0,1,1500,0.05918054277738071
1500,4.8,0,1500,0.043825583699001414
1500,4.8,7,1500,0.044258484131901844
1500,2.8000000000000003,9,1500,0.01914662101384093
1500,8.4,4,1500,0.07636288675249714
1500,7.199999999999999,3,1500,0.057350417401633796
1500,10.4,2,1500,0.09357436988099008
1500,12.4,5,1500,0.1110284413671748
