n_shots,accuracy,run_num,nspw,f1
200,88.4,0,200,0.6535864235318852
750,90.4,0,750,0.6690602333648692
50,85.2,0,50,0.6317468403561121
1000,89.60000000000001,0,1000,0.6640124040786294
1,66.4,0,1,0.504674748146839
2,36.4,0,2,0.27547012222508904
75,55.2,0,75,0.40059337084432917
500,89.2,0,500,0.6656760314261035
100,86.0,0,100,0.6400634010646862
5,41.199999999999996,0,5,0.30576733031933634
20,83.6,0,20,0.6325038299347504
250,88.4,0,250,0.6598725582948411
