n_shots,accuracy,run_num,nspw,f1
1129,91.60000000000001,9,1129,0.8948680798543509
1129,92.4,7,1129,0.903836407472245
1129,95.19999999999999,0,1129,0.9384533617235075
1129,91.60000000000001,1,1129,0.9179448949913719
1129,94.0,6,1129,0.9402863118859287
1129,94.0,8,1129,0.9210089399744571
1129,92.4,5,1129,0.9025845581846089
1129,92.80000000000001,2,1129,0.8803579507126312
1129,94.0,3,1129,0.9425546416149692
1129,94.0,4,1129,0.9258134384292297
