n_shots,accuracy,run_num,nspw
32,0.90625,0,32
32,0.96875,1,32
32,0.96875,2,32
32,1.0,3,32
32,1.0,4,32
32,0.96875,5,32
32,1.0,6,32
32,0.96875,7,32
32,1.0,8,32
32,1.0,9,32
