n_shots,accuracy,run_num,nspw
64,0.984375,0,64
64,0.984375,1,64
64,0.96875,2,64
64,1.0,3,64
64,0.984375,4,64
64,1.0,5,64
64,1.0,6,64
64,0.984375,7,64
64,1.0,8,64
64,0.984375,9,64
