n_shots,accuracy,run_num,nspw,f1
1000,98.66666666666667,9,1000,0.9821244374808846
1000,99.2,7,1000,0.9639706871494952
1000,99.6,0,1000,0.9867415880660912
1000,98.93333333333332,1,1000,0.9693022280327799
1000,98.26666666666667,6,1000,0.976092775587373
1000,98.93333333333332,8,1000,0.9828843525863394
1000,99.33333333333333,5,1000,0.9950309749891485
1000,98.53333333333333,2,1000,0.9770022472009229
1000,99.06666666666666,3,1000,0.9834857137750131
1000,98.8,4,1000,0.9833104900985696
