n_shots,accuracy,run_num,nspw
1000,0.996,0,1000
1000,0.9893333333333333,1,1000
1000,0.9853333333333333,2,1000
1000,0.9906666666666667,3,1000
1000,0.988,4,1000
1000,0.9933333333333333,5,1000
1000,0.9826666666666667,6,1000
1000,0.992,7,1000
1000,0.9893333333333333,8,1000
1000,0.9866666666666667,9,1000
