n_shots,accuracy,run_num,nspw
32,1.0,0,32
32,1.0,1,32
32,0.9375,2,32
32,0.96875,3,32
32,1.0,4,32
32,1.0,5,32
32,1.0,6,32
32,0.9375,7,32
32,0.9375,8,32
32,0.96875,9,32
