n_shots,accuracy,run_num,nspw,f1
1056,2.8000000000000003,9,1056,0.03577777777777778
1056,0.4,0,1056,0.006666666666666667
1056,2.8000000000000003,7,1056,0.027912442396313363
1056,3.2,6,1056,0.04644444444444445
1056,4.8,1,1056,0.06028845101258895
1056,2.0,8,1056,0.02047808764940239
1056,2.8000000000000003,2,1056,0.02792239858906526
1056,2.4,5,1056,0.023148594377510042
1056,2.4,4,1056,0.022481927710843376
1056,4.0,3,1056,0.055731922398589075
